H3_Hex_ID,Jobs_Accessible_60min,Jobs_Pct_Accessible_60min,Population_2018,Jobs_In_Hex,Boarding_Total_Hex,Underserved_Score,population_percentile,underserved_percentile,boarding_gap,masari_priority_score,centroid_x,centroid_y,centroid_lat,centroid_lon
883e628f25fffff,27555,0.5,81621,9669,0.0,0.6675409836065573,99.33333333333333,100.0,81621.0,99.69999999999999,324597.5658274561,3319140.451251699,29.990646716698805,31.1816966364654
883e628c67fffff,448647,8.0,77149,7098,0.0,0.6649180327868852,98.66666666666667,99.33333333333333,77149.0,99.03333333333333,330743.6343809701,3318042.6414923626,29.98160838453384,31.24555838131058
883e628f69fffff,464576,8.3,76908,11589,0.0,0.6642622950819672,98.0,98.66666666666667,76908.0,98.36666666666667,324320.04249715153,3323138.7714785254,30.026671896683016,31.178161826460848
883e628c2bfffff,465181,8.3,76440,14046,0.0,0.6622950819672131,97.33333333333334,98.0,76440.0,97.7,332539.0161560566,3317157.9550082544,29.9738746637948,31.264300190374843
883e628a93fffff,32500,0.6,74517,11338,0.0,0.6609836065573771,96.66666666666667,97.33333333333334,74517.0,97.03333333333335,324250.6730242473,3324138.3426531213,30.03567805242816,31.177277732418325
883e6280b9fffff,906583,16.2,71564,10531,0.0,0.6570491803278689,94.0,96.66666666666667,71564.0,95.46666666666668,333293.652788916,3331263.4427700224,30.101215126120216,31.269909201360726
883e628e15fffff,1348512,24.1,69546,1452,0.0,0.6544262295081967,92.66666666666666,96.0,69546.0,94.5,334607.3383610293,3324825.0438966835,30.043316680097096,31.284539986573837
883e628f63fffff,754655,13.5,67737,16462,0.0,0.6531147540983606,92.0,95.33333333333334,67737.0,93.83333333333334,325287.3432189099,3321696.6973442715,30.01380280187061,31.188425277216144
883e628f6bfffff,39174,0.7,67664,12206,0.0,0.6524590163934426,91.33333333333333,94.66666666666667,67664.0,93.16666666666667,325217.966808623,3322696.25268806,30.022808942835606,31.187542216556377
883e628c05fffff,227335,4.1,67202,7259,0.0,0.6518032786885246,90.66666666666666,94.0,67202.0,92.5,332469.61580389354,3318157.35796074,29.982880278790955,31.26342428037363
883e6281a1fffff,1790598,32.0,67119,18884,0.0,0.6511475409836066,90.0,93.33333333333333,67119.0,91.83333333333333,324940.50713843334,3326694.43894114,30.058832953727023,31.184008415272288
883e628c21fffff,1103310,19.7,63950,15049,0.0,0.6465573770491804,88.66666666666667,92.66666666666666,63950.0,90.86666666666666,331710.74414169596,3316600.8633923214,29.968736051737835,31.255806436558085
883e628f21fffff,43070,0.8,62824,14016,0.0,0.6445901639344263,88.0,92.0,62824.0,90.2,325426.10979157774,3319697.5761654642,29.995790354503924,31.19019093123983
883e6281a7fffff,353704,6.3,58615,15722,0.0,0.6386885245901639,86.66666666666667,91.33333333333333,58615.0,89.23333333333332,325009.86533718894,3325694.897389818,30.049827031676656,31.184892101469266
883e628f4dfffff,44577,0.8,57707,11005,0.0,0.6360655737704918,86.0,90.66666666666666,57707.0,88.56666666666666,325079.22764273646,3324695.3525963183,30.040821056680603,31.185775626470416
883e628f0dfffff,747259,13.4,56859,12631,0.0,0.6340983606557377,84.66666666666667,90.0,56859.0,87.6,326115.8596684302,3322253.7517895973,30.018945444477183,31.196921578267737
883e628701fffff,71270,1.3,53686,18023,0.0,0.6288524590163934,83.33333333333334,89.33333333333333,53686.0,86.63333333333334,338123.71084710245,3336601.7490131604,30.150020005965924,31.319201943660442
883e628181fffff,395497,7.1,53159,9991,0.0,0.6281967213114754,82.66666666666667,88.66666666666667,53159.0,85.96666666666667,326528.17796749715,3328807.786579078,30.07812185076506,31.200126372766796
883e6281a9fffff,40349,0.7,53158,9990,0.0,0.6275409836065574,82.0,88.0,53158.0,85.3,324871.15372989327,3327693.9765941845,30.06783881700437,31.18312457497136
883e6280cbfffff,188070,3.4,52629,20508,0.0,0.6255737704918033,81.33333333333333,87.33333333333333,52629.0,84.63333333333334,332118.7593195737,3335703.3265258116,30.141102900045773,31.257017406538164
883e628711fffff,172397,3.1,51645,7325,0.0,0.6249180327868853,80.66666666666666,86.66666666666667,51645.0,83.96666666666667,340746.27871400735,3336273.0655730357,30.147400918606614,31.346472547713233
883e628719fffff,36037,0.6,51387,7413,0.0,0.6229508196721312,79.33333333333333,86.0,51387.0,83.0,340676.954535127,3337272.16782475,30.15640437860273,31.34560256271197
883e628743fffff,190494,3.4,51317,17521,0.0,0.6216393442622951,78.66666666666666,85.33333333333334,51317.0,82.33333333333334,337985.0743676538,3338600.071700062,30.168027411547598,31.317456870204083
883e62870dfffff,52909,0.9,51306,18349,0.0,0.62,77.66666666666666,84.66666666666667,51306.0,81.51666666666667,337226.348791121,3337044.381406078,30.1538931211156,31.30981972141126
883e6281ddfffff,801322,14.3,51295,10232,0.0,0.6186885245901639,76.33333333333333,84.0,51295.0,80.55000000000001,327217.9601720817,3331363.580995872,30.101273046094168,31.20686429128032
883e628e4bfffff,636470,11.4,50588,6188,0.0,0.6137704918032787,74.66666666666667,83.33333333333334,50588.0,79.43333333333334,332604.1155354233,3328708.0180575233,30.078069946697422,31.263158901567035
883e628469fffff,721152,12.9,49327,8771,0.0,0.6118032786885246,74.0,82.66666666666667,49327.0,78.76666666666667,341712.84236527927,3334831.3989222245,30.134522114675953,31.35672044421339
883e628e17fffff,4096,0.1,47130,1685,0.0,0.6078688524590163,73.33333333333333,82.0,47130.0,78.10000000000001,335504.8637206445,3324382.6082512382,30.03944673953202,31.293914101371453
883e6280b5fffff,769882,13.8,46480,5201,0.0,0.6052459016393442,72.66666666666667,81.33333333333333,46480.0,77.43333333333335,332534.76526857965,3329707.359505797,30.087074829499052,31.26228200633055
883e628899fffff,201784,3.6,46396,9251,0.0,0.6039344262295082,71.33333333333334,80.66666666666666,46396.0,76.46666666666667,323768.98942559015,3318583.30284634,29.985502346697395,31.173202901454893
883e628d4bfffff,1127188,20.2,45234,4665,0.0,0.600655737704918,70.0,80.0,45234.0,75.5,327291.27414373046,3317813.1832721666,29.979057090986025,31.209824223522475
883e628625fffff,594082,10.6,45208,6750,0.0,0.599344262295082,69.33333333333334,79.33333333333333,45208.0,74.83333333333334,341504.8618377818,3337828.6478677066,30.161532273424374,31.35411311697433
883e6288d9fffff,377660,6.8,44970,9487,0.0,0.5970491803278688,67.66666666666666,78.33333333333333,44970.0,73.53333333333332,322732.2188613763,3321025.012120413,30.007376951525657,31.16205454367861
883e6288ddfffff,312005,5.6,44970,9487,0.0,0.5970491803278688,67.66666666666666,78.33333333333333,44970.0,73.53333333333332,321903.57167784346,3320467.8842999763,30.002231483895,31.153559777997085
883e6280cdfffff,365323,6.5,43700,15781,0.0,0.5940983606557377,66.0,77.33333333333333,43700.0,72.23333333333333,330392.8564425732,3335589.35400019,30.13983575134476,31.239123984359804
883e6281cbfffff,1003012,17.9,40095,7830,0.0,0.5822950819672131,64.66666666666666,76.66666666666667,40095.0,71.26666666666667,326320.1569476533,3331806.2382087596,30.105138327408643,31.197478237443747
883e628705fffff,21257,0.4,38205,11000,0.0,0.5757377049180328,64.0,76.0,38205.0,70.6,337295.670553535,3336045.195016857,30.14488925874696,31.31069290043078
883e6281a5fffff,2027662,36.3,37294,10254,0.0,0.5731147540983607,62.66666666666667,75.33333333333333,37294.0,69.63333333333334,324111.94833943975,3326137.4745508977,30.053690198725395,31.175509080261715
883e62874bfffff,26915,0.5,36988,11734,0.0,0.5724590163934427,62.0,74.66666666666667,36988.0,68.96666666666667,337915.7630435399,3339599.226608297,30.177031021679735,31.31658410663367
883e62871bfffff,94601,1.7,36868,5160,0.0,0.5711475409836065,61.33333333333333,74.0,36868.0,68.30000000000001,341574.18441501417,3336829.569269916,30.152528949667857,31.354982379211016
883e628765fffff,209536,3.7,36838,17005,0.0,0.5704918032786885,60.66666666666667,73.33333333333333,36838.0,67.63333333333334,334672.70407007105,3336373.8955701436,30.147500999639668,31.28341828411933
883e6281c7fffff,629667,11.3,35143,6508,0.0,0.5645901639344262,60.0,72.66666666666667,35143.0,66.96666666666667,325560.9930022416,3330249.9110411163,30.090991998538932,31.189858484536792
883e628ab7fffff,2090620,37.4,34321,6543,0.0,0.5626229508196722,59.333333333333336,72.0,34321.0,66.3,321834.1916398063,3321467.527652647,30.011238071107574,31.152673686212022
883e621469fffff,52637,0.9,33551,10533,0.0,0.5606557377049181,58.666666666666664,71.33333333333334,33551.0,65.63333333333334,337860.1892447167,3302954.665422964,29.846464196655976,31.321583223877713
883e628741fffff,35476,0.6,33197,11244,0.0,0.5593442622950819,57.99999999999999,70.66666666666667,33197.0,64.96666666666667,337087.71793279785,3339042.7423979626,30.17190067005564,31.308072896602074
883e628dbbfffff,417754,7.5,33028,2763,0.0,0.5586885245901639,57.333333333333336,70.0,33028.0,64.3,335648.38534472836,3309834.9308369756,29.908236627212716,31.297641680398918
883e6288d7fffff,38761,0.7,30489,12964,0.0,0.5527868852459017,56.666666666666664,69.33333333333334,30489.0,63.63333333333334,322870.9890628931,3319025.7609216943,29.989363863745805,31.163824825248042
883e628763fffff,17682,0.3,30323,10563,0.0,0.5521311475409836,56.00000000000001,68.66666666666667,30323.0,62.966666666666676,336398.2738294137,3336487.8262717817,30.14876175915668,31.30131051287049
883e6281c5fffff,9461,0.2,29705,4101,0.0,0.5495081967213115,55.333333333333336,68.0,29705.0,62.3,324663.12147959124,3330692.566192928,30.09485605428225,31.18047212048399
883e6288c1fffff,223574,4.0,29317,5684,0.0,0.5475409836065573,54.666666666666664,67.33333333333333,29317.0,61.633333333333326,320176.7975890544,3320353.2445231676,30.00094516535596,31.13568442023257
883e6280dbfffff,104378,1.9,29250,12852,0.0,0.5468852459016393,54.0,66.66666666666666,29250.0,60.96666666666666,334742.0267159102,3335374.643290999,30.138496801111234,31.284293786378747
883e621717fffff,5979,0.1,27980,1668,0.0,0.5429508196721311,52.666666666666664,66.0,27980.0,60.0,336962.64901890577,3303396.672199033,29.850333089615226,31.312228466397094
883e628d4dfffff,8949,0.2,27713,1986,0.0,0.5422950819672131,52.0,65.33333333333333,27713.0,59.33333333333333,325564.8952117129,3317698.441801579,29.977777693920547,31.191955968045892
883e6281e1fffff,780840,14.0,27549,4412,0.0,0.5416393442622951,51.33333333333333,64.66666666666666,27549.0,58.666666666666664,323903.8960677561,3329136.1451058523,30.080707994462347,31.172854931216516
883e628769fffff,28651,0.5,26973,11745,0.0,0.539672131147541,50.66666666666667,64.0,26973.0,58.00000000000001,335431.5296794714,3337929.700564121,30.161637724302594,31.29105216062024
883e628db3fffff,205306,3.7,26748,5238,0.0,0.5377049180327869,50.0,63.33333333333333,26748.0,57.333333333333336,335717.8232380303,3308835.5650948444,29.899230880874587,31.29851389788892
883e629597fffff,3321,0.1,26216,341,0.0,0.5357377049180327,49.333333333333336,62.66666666666667,26216.0,56.66666666666667,340330.39823308075,3342267.614287855,30.201420749153556,31.341250337919277
883e628d41fffff,6702,0.1,25988,2356,0.0,0.5337704918032787,48.66666666666667,62.0,25988.0,56.00000000000001,326462.80035129393,3317256.0383252706,29.97391455433897,31.20133095551151
883e6286c3fffff,1627,0.0,25579,476,0.0,0.5311475409836065,48.0,61.33333333333333,25579.0,55.333333333333336,350059.3779038603,3339396.706695093,30.176761830256748,31.44269649785481
883e628c09fffff,967370,17.3,25309,2352,0.0,0.5304918032786885,47.333333333333336,60.66666666666667,25309.0,54.66666666666668,333228.46367230936,3319713.7801098856,29.99702346525494,31.271043967640136
883e6288c5fffff,350762,6.3,25268,4883,0.0,0.5298360655737705,46.666666666666664,60.0,25268.0,54.0,319348.0521254845,3319796.066785858,29.995797606674458,31.12719063139733
883e62844dfffff,59977,1.1,25217,3330,0.0,0.5291803278688525,46.0,59.333333333333336,25217.0,53.33333333333334,342471.38232726726,3336386.9887671582,30.148652979184458,31.36436115294863
883e628751fffff,80695,1.4,23950,5220,0.0,0.5252459016393443,45.33333333333333,58.666666666666664,23950.0,52.666666666666664,339710.37587606773,3338713.901419954,30.16928273521502,31.335350692719732
883e628a91fffff,1033731,18.5,23212,3267,0.0,0.5226229508196721,44.666666666666664,57.99999999999999,23212.0,51.99999999999999,323352.71963382396,3324580.8992225,30.039540536102685,31.1678954362312
883e621759fffff,110734,2.0,23062,6387,0.0,0.5219672131147541,44.0,57.333333333333336,23062.0,51.333333333333336,335787.26539270976,3307836.1969325235,29.890225089593844,31.29938596138028
883e628ed9fffff,1159193,20.7,22596,14020,0.0,0.520655737704918,43.333333333333336,56.666666666666664,22596.0,50.666666666666664,340611.83191632916,3325725.0661216667,30.052232999705204,31.34666189420137
883e62875dfffff,20310,0.4,21934,4539,0.0,0.5180327868852459,42.66666666666667,56.00000000000001,21934.0,50.00000000000001,338813.0852480233,3339156.554960124,30.17315714964717,31.32596791917344
883e628d5dfffff,40465,0.7,21292,2502,0.0,0.5154098360655738,42.0,55.333333333333336,21292.0,49.333333333333336,328189.1132774091,3317370.79682339,29.975192800253595,31.219198024255107
883e628c61fffff,1769239,31.7,72964,5792,650.0,0.2577049180327868,96.0,11.333333333333332,112.07987711213518,49.16666666666667,330674.23865626974,3319042.083294226,29.990614145246408,31.244680722607132
883e628729fffff,15247,0.3,21036,4895,0.0,0.5134426229508197,41.333333333333336,54.666666666666664,21036.0,48.66666666666667,336467.5974745806,3335488.616552808,30.139757764495346,31.30218441638068
883e628441fffff,13458,0.2,20640,4915,0.0,0.5121311475409837,40.666666666666664,54.0,20640.0,48.0,343368.54864439665,3335944.4264314645,30.14477646861972,31.373738887747567
883e628703fffff,512760,9.2,72912,15396,1014.0,0.2337704918032787,95.33333333333334,9.333333333333334,71.8344827586207,47.76666666666667,339021.04145498254,3336159.1345080864,30.14614634685192,31.32858312941163
883e628dc1fffff,539711,9.7,84399,3360,1665.0,0.2042622950819672,100.0,5.333333333333334,50.65966386554622,47.6,332747.24438861845,3314159.7266780413,29.94685750364942,31.266927002616015
883e62844bfffff,12203,0.2,20571,4930,0.0,0.5114754098360655,40.0,53.333333333333336,20571.0,47.333333333333336,344196.3527593701,3336500.903515306,30.149902523621453,31.382248947758317
883e628445fffff,21464,0.4,20433,4959,0.0,0.5101639344262295,39.33333333333333,52.666666666666664,20433.0,46.666666666666664,342540.7118346685,3335387.924787421,30.13964966452306,31.365229386461294
883e628c63fffff,706516,12.6,71402,6634,1192.0,0.219672131147541,93.33333333333333,8.0,59.85079631181895,46.06666666666667,331571.9435282422,3318599.7115526623,29.98674748172993,31.254053021555812
883e62140dfffff,19279,0.3,20025,5373,0.0,0.5088524590163934,38.666666666666664,52.0,20025.0,46.0,339655.1720860767,3302070.7070655953,29.838724816666907,31.340289633900987
883e628731fffff,1083305,19.4,71868,16505,1400.0,0.2104918032786885,94.66666666666667,6.666666666666667,51.29764453961456,45.93333333333334,339159.6999769149,3334160.8331146166,30.12813883935738,31.33032582865403
883e628f6dfffff,1610503,28.8,65653,9365,782.0,0.2386885245901638,89.33333333333333,10.0,83.84802043422734,45.49999999999999,323491.4577695979,3322581.714297406,30.021528026110516,31.169665216233415
883e62845dfffff,246331,4.4,19968,5058,0.0,0.5075409836065574,38.0,51.33333333333333,19968.0,45.333333333333336,345093.45293420844,3336058.3582747583,30.146024859532044,31.391625476495022
883e6280c7fffff,837692,15.0,56480,25008,116.0,0.2849180327868852,84.0,13.333333333333334,482.7350427350427,44.93333333333334,331359.8102550014,3334147.331129552,30.12696267167223,31.249388666549585
883e628dd5fffff,520782,9.3,19711,2124,0.0,0.5055737704918033,37.333333333333336,50.66666666666667,19711.0,44.66666666666668,334542.51206237235,3313275.230436258,29.939122078817586,31.285659440402267
883e628637fffff,12966,0.2,19472,4865,0.0,0.5042622950819672,36.666666666666664,50.0,19472.0,44.0,345024.1240941559,3337057.3565423274,30.155027833777083,31.390759565531905
883e6285edfffff,313005,5.6,19330,12715,0.0,0.5022950819672131,36.0,49.333333333333336,19330.0,43.33333333333334,341370.38699923235,3327280.966221433,30.066367129547697,31.354295501448185
883e628761fffff,31738,0.6,19260,7384,0.0,0.5009836065573771,35.333333333333336,48.66666666666667,19260.0,42.66666666666667,335500.8458697648,3336930.475897383,30.152633719485653,31.29192709136754
883e6280d7fffff,30047,0.5,19225,7365,0.0,0.5003278688524591,34.66666666666667,48.0,19225.0,42.0,333983.18234447896,3333818.736012668,30.124358817434253,31.27666232754402
883e628633fffff,5672,0.1,19195,3644,0.0,0.4996721311475409,34.0,47.333333333333336,19195.0,41.333333333333336,345851.86211652926,3337613.785517036,30.160152398778692,31.399270735542572
883e628189fffff,1664163,29.8,51199,10001,72.0,0.2767213114754098,75.33333333333333,12.666666666666668,701.3561643835617,40.86666666666667,326458.8328697093,3329807.274334515,30.087127401526047,31.19924381505415
883e628a99fffff,225541,4.0,19170,4335,0.0,0.4990163934426229,33.33333333333333,46.666666666666664,19170.0,40.666666666666664,323283.35745592584,3325580.4862031573,30.04854670609867,31.167010311229916
883e628627fffff,28845,0.5,19164,2759,0.0,0.4983606557377049,32.666666666666664,46.0,19164.0,40.0,342402.0574589533,3337386.048620306,30.157656233764428,31.36349277049736
883e628c2dfffff,1536340,27.5,62356,12405,1444.5558432666255,0.1934426229508197,87.33333333333333,0.6666666666666667,43.1363480632403,39.666666666666664,330813.0346740667,3317043.196075993,29.972602567880205,31.24643588663042
883e621711fffff,3517,0.1,18617,1290,0.0,0.4937704918032787,32.0,45.33333333333333,18617.0,39.33333333333333,336893.18772181304,3304396.030972924,29.859338989273517,31.311357887886384
883e628737fffff,739557,13.2,57013,13783,1269.0,0.1940983606557377,85.33333333333334,1.3333333333333335,44.89212598425197,39.13333333333334,339229.03626681946,3333161.67630611,30.11913499598325,31.331196953675832
883e62d5bbfffff,50890,0.9,18511,4492,0.0,0.4918032786885246,31.333333333333336,44.666666666666664,18511.0,38.66666666666667,298893.2692080097,3314418.545621758,29.94411311103633,30.916260920912446
883e6282b7fffff,608539,10.9,45400,20881,13.0,0.2727868852459016,70.66666666666667,12.0,3242.8571428571427,38.53333333333334,332947.00076555554,3336259.956792124,30.146237726100413,31.26552525135474
883e6281c3fffff,2088857,37.4,51295,10232,771.0,0.2108196721311475,76.33333333333333,7.333333333333333,66.44430051813471,38.18333333333333,326389.49256537575,3330806.7579625635,30.09613289150632,31.19836110372341
883e6286cdfffff,2363,0.0,18231,2487,0.0,0.4885245901639344,30.666666666666664,44.0,18231.0,38.0,348265.5596798541,3340281.8274123217,30.184523982318666,31.42394440996786
883e628dc3fffff,855715,15.3,51391,2257,1003.0,0.200655737704918,80.0,3.3333333333333335,51.18625498007968,37.766666666666666,333644.8944751608,3313717.469346947,29.942990058812086,31.27629374039039
883e628709fffff,653839,11.7,51306,18349,872.0,0.2039344262295082,77.66666666666666,4.666666666666667,58.76975945017182,37.449999999999996,338054.39058263024,3337600.9123981944,30.159023738744583,31.318329485440263
883e62845bfffff,3990,0.1,17352,5023,0.0,0.4839344262295082,30.0,43.333333333333336,17352.0,37.333333333333336,346818.2232212717,3336172.2820874853,30.147270738634568,31.409511242792764
883e628f53fffff,2816489,50.4,17062,30218,0.0,0.481639344262295,28.999999999999996,42.333333333333336,17062.0,36.333333333333336,329498.97340077144,3323482.2860546657,30.03050307875862,31.231791710333127
883e628649fffff,13253,0.2,17062,3626,0.0,0.481639344262295,28.999999999999996,42.333333333333336,17062.0,36.333333333333336,342814.04422347544,3343936.6323121428,30.216800198742238,31.36679452050076
883e628c6bfffff,1218884,21.8,43248,4010,78.0,0.2501639344262295,65.33333333333333,10.666666666666668,547.4430379746835,35.400000000000006,331502.54931858985,3319599.13102415,29.995753120102453,31.253176076535034
883e628e11fffff,1262774,22.6,17020,2277,0.0,0.480655737704918,28.000000000000004,41.333333333333336,17020.0,35.333333333333336,335435.4933175193,3325381.9029600862,30.04845157615073,31.293040301390338
883e6288cbfffff,988317,17.7,44862,9457,269.0,0.2275409836065574,66.66666666666666,8.666666666666668,166.15555555555557,34.9,321005.51035439124,3320910.3978432347,30.006091984143236,31.14417876767814
883e628193fffff,1493312,26.7,46472,15114,676.0,0.201967213114754,72.0,4.0,68.6440177252585,34.8,330049.8774551695,3328036.907766834,30.07166357079981,31.236774819143317
883e628537fffff,1062819,19.0,16204,15711,0.0,0.4760655737704918,27.333333333333332,40.666666666666664,16204.0,34.66666666666667,339714.5074226283,3326167.470422351,30.056106471010597,31.337290498683842
883e6288bdfffff,52278,0.9,15968,3161,0.0,0.4727868852459016,26.666666666666668,40.0,15968.0,34.0,321352.46944914595,3315912.034053868,29.961057891696953,31.148611271424215
883e6286e3fffff,3692,0.1,15678,2439,0.0,0.4708196721311475,26.0,39.33333333333333,15678.0,33.33333333333333,348473.52874425065,3337285.111655211,30.15751666691358,31.42653347252264
883e628887fffff,590525,10.6,15657,2003,0.0,0.4695081967213115,25.333333333333336,38.666666666666664,15657.0,32.666666666666664,321283.0683105567,3316911.713331681,29.970064816534126,31.147725083660927
883e6280c9fffff,436183,7.8,45074,11682,620.0,0.1993442622950819,68.66666666666667,2.0,72.5829307568438,32.53333333333333,331221.16492075694,3336146.0093250955,30.14497193299294,31.24763142737322
883e6281a3fffff,1693353,30.3,37489,29136,260.0,0.2065573770491803,63.33333333333333,6.0,143.63601532567048,32.13333333333333,325838.389364844,3326251.8606277653,30.05496917373262,31.19339127528426
883e628ee9fffff,304,0.0,15460,1712,0.0,0.4681967213114754,24.666666666666668,38.0,15460.0,32.0,336402.357675856,3323940.190120671,30.03557625378712,31.303287185423084
883e628611fffff,4092,0.1,15107,1164,0.0,0.4662295081967212,24.0,37.333333333333336,15107.0,31.333333333333336,346540.92780688603,3340168.0813093926,30.183281449523346,31.40605307151302
883e628893fffff,3962,0.1,14949,1610,0.0,0.4649180327868852,23.333333333333332,36.666666666666664,14949.0,30.666666666666668,324736.35507867235,3317141.271690343,29.9726338095102,31.18346310623163
883e62861bfffff,2904,0.1,14912,1759,0.0,0.4642622950819672,22.666666666666664,36.0,14912.0,30.0,347368.6028943307,3340724.414924875,30.188404248773903,31.41456680056158
883e628f65fffff,199660,3.6,14824,7638,0.0,0.4636065573770491,22.0,35.333333333333336,14824.0,29.33333333333334,323560.83359620103,3321582.1165812067,30.012521688168498,31.17054987003943
883e62888dfffff,44019,0.8,14805,3393,0.0,0.4629508196721311,21.333333333333336,34.66666666666667,14805.0,28.66666666666667,320315.5713667546,3318353.862838076,29.98293143668375,31.13745932641019
883e62863bfffff,3286,0.1,14758,1103,0.0,0.4622950819672131,20.666666666666668,34.0,14758.0,28.0,345782.5387477108,3338612.7566873175,30.169155181896965,31.398405392486254
883e628d43fffff,18006,0.3,14657,1469,0.0,0.461639344262295,20.0,33.33333333333333,14657.0,27.333333333333332,327360.6736585257,3316813.6534238895,29.97005087804458,31.210704912329277
883e628aa3fffff,3695,0.1,14427,1402,0.0,0.4590163934426229,19.333333333333332,32.666666666666664,14427.0,26.666666666666664,320038.0428342696,3322352.612644726,30.018958676433005,31.133908889690577
883e628083fffff,2084643,37.3,29221,8590,103.0,0.2,53.333333333333336,2.666666666666667,280.97115384615387,26.266666666666666,333224.31336947903,3332262.7537413007,30.1102197663697,31.26903271939796
883e62866dfffff,4889,0.1,14198,2035,0.0,0.4583606557377049,18.666666666666668,32.0,14198.0,26.0,340399.70067414147,3341268.5335928956,30.19241759858701,31.342121087707042
883e628767fffff,15253,0.3,14012,4511,0.0,0.4550819672131148,18.0,31.333333333333336,14012.0,25.333333333333336,335570.166564106,3335931.2468026276,30.143629651527835,31.292801868841327
883e621751fffff,3871,0.1,13914,3160,0.0,0.4537704918032786,17.333333333333336,30.666666666666664,13914.0,24.666666666666668,335856.7118698347,3306836.8257461223,29.881219247938215,31.300257871698783
883e628883fffff,489854,8.8,13911,1649,0.0,0.4531147540983606,16.666666666666664,30.0,13911.0,24.0,322111.74080058833,3317468.933924502,29.975211396694473,31.156217126433656
883e6288b9fffff,117297,2.1,13907,1580,0.0,0.4524590163934426,16.0,29.333333333333332,13907.0,23.333333333333332,322181.1396384327,3316469.2775423294,29.966204597035194,31.15710259493819
883e6295bbfffff,2172,0.0,13735,1383,0.0,0.4518032786885245,15.333333333333332,28.666666666666668,13735.0,22.666666666666668,339502.4502705617,3341711.226466125,30.19629277185812,31.33273672740141
883e621713fffff,30970,0.6,13509,1785,0.0,0.4478688524590164,14.666666666666666,28.000000000000004,13509.0,22.000000000000004,337790.7258712512,3303954.004968069,29.85547002329456,31.32071351523435
883e621447fffff,119112,2.1,13482,4896,0.0,0.4472131147540983,14.000000000000002,27.333333333333332,13482.0,21.333333333333336,339585.70517444744,3303070.0067469534,29.847730483876205,31.339421670471133
883e621409fffff,13589,0.2,13433,4843,0.0,0.4465573770491803,13.333333333333334,26.666666666666668,13433.0,20.666666666666668,340483.1462881474,3302628.035545457,29.84385992034582,31.348774197738386
883e621401fffff,46056,0.8,13432,4843,0.0,0.4459016393442623,12.666666666666668,26.0,13432.0,20.000000000000004,340552.61507694377,3301628.755622659,29.834854331694487,31.349641290253505
883e628895fffff,71727,1.3,13189,1519,0.0,0.4439344262295082,12.0,25.333333333333336,13189.0,19.33333333333334,323009.777608627,3317026.496708971,29.9713505637537,31.165594480250572
883e628667fffff,16727,0.3,13096,2189,0.0,0.441967213114754,11.333333333333332,24.666666666666668,13096.0,18.66666666666667,341366.2295137533,3339826.7930384143,30.179538743596595,31.352374132720126
883e628eb9fffff,276504,4.9,13082,1662,0.0,0.440655737704918,10.666666666666668,24.0,13082.0,18.0,340061.400595074,3321171.4988312703,30.011084411621322,31.341638430239197
883e62d597fffff,34174,0.6,13021,2698,0.0,0.4393442622950819,10.0,23.333333333333332,13021.0,17.333333333333332,299722.7943078812,3314976.117302968,29.94927729677239,30.924746763906388
883e62862bfffff,366914,6.6,13004,2157,0.0,0.4386885245901639,9.333333333333334,22.666666666666664,13004.0,16.666666666666664,343160.5778157022,3338941.5360548906,30.171785831550018,31.371135898939208
883e629593fffff,22732,0.4,12817,1916,0.0,0.4360655737704918,8.666666666666668,22.0,12817.0,16.0,341158.3131689773,3342823.9780390314,30.206547981110976,31.349764506461955
883e628de1fffff,294201,5.3,12585,619,0.0,0.4340983606557377,8.0,21.333333333333336,12585.0,15.333333333333336,331160.10288627417,3312045.9226126666,29.927572716181118,31.250821096337088
883e62852bfffff,2753772,49.3,12369,7077,0.0,0.4334426229508197,7.333333333333333,20.666666666666668,12369.0,14.666666666666668,337850.40202559106,3328051.5561066945,30.07285619452908,31.31767280140148
883e628629fffff,6824,0.1,12356,1996,0.0,0.4327868852459016,6.666666666666667,20.0,12356.0,14.0,342263.41962143115,3339384.155890101,30.17566256187882,31.36175553743891
883e628e13fffff,201208,3.6,12345,1811,0.0,0.4321311475409836,6.0,19.333333333333332,12345.0,13.333333333333332,336332.98435806844,3324939.465604013,30.044581018212522,31.30241425520792
883e628f13fffff,435369,7.8,12303,1070,0.0,0.4308196721311476,5.333333333333334,18.666666666666668,12303.0,12.666666666666668,330535.46052264277,3321040.9577180846,30.008625513771978,31.24292494034738
883e628da7fffff,439340,7.9,12233,5506,0.0,0.4291803278688524,4.333333333333334,17.666666666666668,12233.0,11.66666666666667,332266.1243013699,3308605.3463532766,29.89668827807364,31.262813934414453
883e62129bfffff,8866,0.2,12233,2817,0.0,0.4291803278688524,4.333333333333334,17.666666666666668,12233.0,11.66666666666667,331437.83687448764,3308048.049916266,29.891547928665197,31.254326482600995
883e621749fffff,9301,0.2,12232,5506,0.0,0.4281967213114754,3.3333333333333335,16.666666666666664,12232.0,10.666666666666666,333163.8194225045,3308163.188779781,29.892821822921714,31.272176466663698
883e621525fffff,213,0.0,12151,195,0.0,0.4268852459016393,2.666666666666667,16.0,12151.0,10.0,332340.95870581246,3295054.676595103,29.774462208873313,31.26570197537936
883e628635fffff,337073,6.0,11925,1459,0.0,0.4249180327868852,2.0,15.333333333333332,11925.0,9.333333333333332,344127.0267064522,3337499.921167001,30.158905573617574,31.381382162757056
883e628ad7fffff,17214,0.3,11838,3471,0.0,0.4229508196721311,1.3333333333333335,14.666666666666666,11838.0,8.666666666666666,322385.3749102538,3326023.0797977657,30.05240871184197,31.157626107176277
883e6286c7fffff,15492,0.3,11813,1508,0.0,0.4216393442622951,0.6666666666666667,14.000000000000002,11813.0,8.0,349231.80611379934,3338840.3758019963,30.171640870110576,31.434183271760613
