id,Feature_ID,Terminal_ID,Terminal_Name,Terminal_Name_AR,geometry,Population_2018,Jobs_In_Hex,Jobs_Accessible_60min,H3_Hex_ID
terminals.1,1,351,Church (Kayan) - New Administrative Capital,الكنيسة (الكيان) - العاصمة الإدارية الجديدة,POINT (367057.31919559726 3311891.7876984426),,,,
terminals.2,2,355,Cairo Alexandria Agriculture Road,طريق القاهرة اسكندرية الزراعي,POINT (329368.61956631416 3336629.6048831814),7539.0,811.0,1829573.0,883e6282a5fffff
terminals.3,3,356,Jazirat Mohamed (2),جزيرة محمد (2),POINT (326256.8736122394 3332479.316304267),7337.0,645.0,499935.0,883e628035fffff
terminals.4,4,357,Ezbat Khairallah,عزبة خيرالله,POINT (331349.9347268594 3319202.723518098),43248.0,4010.0,1218884.0,883e628c6bfffff
terminals.5,5,23,Traffic Department  (Kattameya),ادارة المرور (القطامية),POINT (344649.0731009038 3316942.9442626266),5018.0,1310.0,7318.0,883e62bb23fffff
terminals.6,6,102,Dolce,دولسي,POINT (299680.75548877544 3313480.2631853195),14027.0,3257.0,77963.0,883e62c66dfffff
terminals.7,7,124,11th District (6th of October),الحي الحادي عشر (٦ أكتوبر),POINT (297520.9733596308 3316515.804048004),3334.0,2949.0,101740.0,883e62d58bfffff
terminals.8,8,86,Al Shabab Entrance,مدخل الشباب,POINT (347425.0494383476 3318327.587740144),2564.0,897.0,739.0,883e62bb15fffff
terminals.9,9,20,Alf Maskan,ألف مسكن,POINT (340126.3446021317 3333129.121985696),16323.0,6621.0,1617496.0,883e628559fffff
terminals.10,10,1,Al Sayeda Aisha,السيدة عائشة,POINT (331911.2337097745 3322817.3620381723),14456.0,3585.0,1974985.0,883e628e23fffff
terminals.11,11,15,Shabab (Obour),الشباب (العبور),POINT (354240.0448616162 3350003.0579248294),1889.0,794.0,76120.0,883e604847fffff
terminals.12,12,19,Alf Masnaa,ألف مصنع,POINT (353372.17107960925 3316991.158367431),2.0,230.0,5357.0,883e62b81dfffff
terminals.13,13,326,Mall of Arabia,مول العرب,POINT (303539.7879640388 3320113.1015603263),111.0,1543.0,455783.0,883e62d483fffff
terminals.14,14,2,Smart Village,القرية الذكية,POINT (309554.9877132978 3327530.204365906),,,,
terminals.15,15,3,10th District (6th of October),الحي العاشر (٦ أكتوبر),POINT (298750.2256175651 3316616.5039704945),3026.0,3754.0,49199.0,883e62d59dfffff
terminals.16,16,4,Hossary,الحصري,POINT (301852.97340364207 3317334.052943544),2994.0,3273.0,144224.0,883e62d4a3fffff
terminals.17,17,6,Al Shorouq,الشروق,POINT (370360.8767876201 3334942.7455784013),1434.0,165.0,918.0,883e62b29dfffff
terminals.18,18,7,Rawda Mosque  (Obour),مسجد الروضة (العبور),POINT (353918.5771880379 3346560.725668959),1889.0,4330.0,45691.0,883e604821fffff
terminals.19,19,9,Remaya (New Mashaal),الرماية (مشعل الجديد),POINT (319887.8403614788 3319241.951178842),27066.0,5167.0,941460.0,883e6288c7fffff
terminals.20,20,10,Ommal Square,ميدان العمال,POINT (348768.6579815444 3319495.8992635426),2795.0,3138.0,177322.0,883e62bb1bfffff
terminals.21,21,13,Magda Square,ميدان ماجدة,POINT (301467.83301029063 3317863.330204637),1486.0,3503.0,100961.0,883e62d4a1fffff
terminals.22,22,14,Total  (6th of October),بنزينة توتال (٦ أكتوبر),POINT (295070.9614874916 3313180.3290188084),0.0,2994.0,8177.0,883e62d5a7fffff
terminals.23,23,16,Dawaran Shubra,دوران شبرا,POINT (330941.91781984625 3329008.4750278364),48302.0,15516.0,3148715.0,883e628e4dfffff
terminals.24,24,22,Helwan University (Ain Helwan),جامعة حلوان (عين حلوان),POINT (337995.61782474245 3305036.881450473),3292.0,1177.0,220657.0,883e62171bfffff
terminals.25,25,24,Isaaf,الإسعاف,POINT (330121.24238594866 3326123.4775947765),13087.0,47848.0,3905968.0,883e628e61fffff
terminals.26,26,25,3rd Settlement  (New Cairo),التجمع الثالث,POINT (349772.3404389754 3317974.1286099623),4569.0,1917.0,78769.0,883e62b845fffff
terminals.27,27,26,Mehwar & Alex Desert Rd,المحور مع اسكندرية صحراوي,POINT (312219.12357389554 3325586.1515323846),567.0,9.0,307124.0,883e628a25fffff
terminals.28,28,27,Darrasa,الدراسة,POINT (333226.0535072627 3325312.503992033),10710.0,2638.0,1467703.0,883e628e03fffff
terminals.29,29,28,Amr Ibn El Aas,عمرو بن العاص,POINT (329506.62185195467 3321126.3310222924),28728.0,6245.0,1621750.0,883e628f11fffff
terminals.30,30,29,Abd Al Moneim Riad,عبد المنعم رياض,POINT (329649.4260122504 3325606.7506092573),,,,
terminals.31,31,30,Abou Al Reesh,أبو الريش,POINT (329946.8536094527 3323310.665292279),17062.0,30218.0,2816489.0,883e628f53fffff
terminals.32,32,31,FUE,جامعة المستقبل,POINT (354462.4005756519 3322601.3567630057),1615.0,1433.0,46114.0,883e62ba13fffff
terminals.33,33,32,Haram Mashaal,الهرم مشعل,POINT (320592.9103057264 3318899.5398465507),21491.0,5007.0,1426511.0,883e628889fffff
terminals.34,34,33,Rehab - Gate 13 - 12,الرحاب - بوابة ١٣- 12,POINT (353029.9023977297 3326946.596961777),1847.0,1212.0,174125.0,883e62b165fffff
terminals.35,35,34,Lebanon Square,ميدان لبنان,POINT (325669.82503866043 3326750.6024785712),40033.0,27086.0,1803256.0,883e6281abfffff
terminals.36,36,35,Masraweya,المصراوية,POINT (353015.8719530977 3322592.338953891),1457.0,1325.0,51357.0,883e62ba15fffff
terminals.37,37,36,Sheikh Zayed General Hospital,مستشفي الشيخ زايد العام,POINT (307952.5082798422 3324927.383880809),1824.0,3007.0,424827.0,883e628b0dfffff
terminals.38,38,38,Helwan Ferry,معدية حلوان,POINT (335276.71463552397 3302880.7881568666),,,,
terminals.39,39,39,Badr (Sheikh Zayed),مساكن بدر (الشيخ زايد),POINT (303275.193908062 3326675.7239768174),1825.0,100.0,34557.0,883e62d683fffff
terminals.40,40,65,Al Hegaz (Obour Police ),الحجاز (قسم العبور),POINT (352897.97433121083 3345894.0887879557),1889.0,4369.0,46462.0,883e604825fffff
terminals.41,41,66,Gas (Banks Area),الغاز (البنوك),POINT (348137.5088571147 3321670.3746365346),2446.0,2538.0,501809.0,883e62ba2dfffff
terminals.42,42,40,10th District (Nasr City),الحي العاشر (مدينة نصر),POINT (343856.60268976504 3325124.9906100114),5982.0,2481.0,214773.0,883e6285abfffff
terminals.43,43,42,Saqr Quraish,صقر قريش,POINT (334886.177389477 3318463.294897728),4417.0,3254.0,1681750.0,883e628c1dfffff
terminals.44,44,44,Al Muluk,الملوك,POINT (299202.01161234867 3314262.386505894),18511.0,4492.0,50890.0,883e62d5bbfffff
terminals.45,45,45,Al Zawya Al Hamra,الزاوية الحمراء,POINT (332828.5057496969 3330770.0273821256),58484.0,7754.0,2070809.0,883e6280bdfffff
terminals.46,46,46,Rehab - Gate 6,الرحاب - بوابة ٦,POINT (354442.61807281064 3325627.9152665297),2057.0,1042.0,439871.0,883e62b12dfffff
terminals.47,47,47,Ahmed Helmy,أحمد حلمي,POINT (330917.5089356269 3327219.577482186),43767.0,24212.0,3245119.0,883e628e45fffff
terminals.48,48,48,6th District - 6th of October (Al Souq Al Qadeem),الحي السادس - ٦ أكتوبر(السوق القديم),POINT (298839.7732513307 3312962.1928483583),18776.0,5061.0,101363.0,883e62d5b3fffff
terminals.49,49,49,Helwan,حلوان,POINT (338848.71483865025 3303710.3328839745),14656.0,9405.0,267702.0,883e621445fffff
terminals.50,50,50,Zayed 2000,زايد ٢٠٠٠,POINT (307752.24244778906 3322611.86033524),917.0,2482.0,1365434.0,883e628b2bfffff
terminals.51,51,51,Al Motamayez,المتميز,POINT (305004.91466993524 3318535.5983799356),111.0,625.0,79495.0,883e62d4bbfffff
terminals.52,52,52,Horia Square,ميدان الحرية,POINT (331521.1548617997 3315580.630120932),13363.0,13765.0,2114702.0,883e628c27fffff
terminals.53,53,53,Al Sa'a Square,ميدان الساعة,POINT (339862.196226846 3327712.2692496115),8007.0,7227.0,829432.0,883e628539fffff
terminals.54,54,54,7th District (Nasr City),الحي السابع (مدينة نصر),POINT (338935.0429621179 3324693.4715119),14188.0,9015.0,1552657.0,883e628ec3fffff
terminals.55,55,55,Haram & Marioteya,الهرم مريوطية,POINT (321451.2523947659 3319161.378133561),21491.0,5007.0,1426511.0,883e628889fffff
terminals.56,56,56,Sphinx Airport,مطار سفينكس,POINT (299356.29543290375 3329262.8885824154),,,,
terminals.57,57,59,Abageyah,الاباجية,POINT (332535.72433489293 3322743.683041226),6593.0,345.0,1675100.0,883e628e35fffff
terminals.58,58,60,CIC,الجامعة الكندية الدولية,POINT (306288.36765836686 3325490.8657505363),1825.0,3282.0,4604.0,883e628b69fffff
terminals.59,59,61,Al Warraq,الوراق,POINT (327496.76364170795 3332422.905237519),11809.0,1773.0,1031161.0,883e628037fffff
terminals.60,60,62,Masaken Al Wehda,مساكن الوحدة,POINT (332222.10447136004 3333306.884077808),49431.0,22382.0,1596149.0,883e628089fffff
terminals.61,61,63,Masaken Zeinhom,مساكن زينهم,POINT (330701.0920428226 3322591.022158037),35752.0,10286.0,1721189.0,883e628e25fffff
terminals.62,62,68,Imbaba Ferry,الاتوبيس النهري إمبابة,POINT (328653.73313961277 3328414.728310458),,,,
terminals.63,63,69,Obour,العبور,POINT (354578.2461007708 3349778.7447244176),1889.0,794.0,76120.0,883e604847fffff
terminals.64,64,70,7th District (6th of October),الحي السابع (٦ أكتوبر),POINT (301193.54011341924 3318739.729130825),698.0,2733.0,68386.0,883e62d4a9fffff
terminals.65,65,72,Hegaz Square,ميدان الحجاز,POINT (340692.138029818 3332189.948352976),10423.0,5793.0,667983.0,883e62855bfffff
terminals.66,66,73,1st Settlement (New Cairo),التجمع الاول,POINT (350516.3816500675 3326949.6874813996),870.0,1130.0,162069.0,883e62ba49fffff
terminals.67,67,74,Cairo University Ferry,الاتوبيس النهري جامعة القاهرة,POINT (328224.1892422851 3323469.474746644),3702.0,21697.0,2444574.0,883e628f55fffff
terminals.68,68,75,Masaken Sheraton,مساكن شيراتون,POINT (344439.94456820504 3331577.7972802618),969.0,1106.0,321119.0,883e62843dfffff
terminals.69,69,76,Industrial Zone 3,المنطقة الصناعية الثالثة,POINT (296555.18068973825 3312873.2067088275),0.0,4594.0,114689.0,883e62c749fffff
terminals.70,70,77,Qalaa,القلعة,POINT (332008.70878682827 3323363.0067621716),14456.0,3585.0,1974985.0,883e628e23fffff
terminals.71,71,78,Al Mostaqbal Entrance,مدخل المستقبل,POINT (299300.2054469973 3313169.7022087732),18776.0,5061.0,101363.0,883e62d5b3fffff
terminals.72,72,79,Motseian,متسيان,POINT (326800.0962436532 3321969.451876447),16659.0,22093.0,2408889.0,883e628f01fffff
terminals.73,73,80,Al Mostafa Mosque,مسجد المصطفى,POINT (350975.5970444288 3320467.563990263),905.0,376.0,9805.0,883e62ba35fffff
terminals.74,74,81,15th of May,١٥ مايو,POINT (343254.77844984335 3298951.815361172),1646.0,303.0,37176.0,883e6214edfffff
terminals.75,75,82,Moneeb Konayyesa,منيب كنيسة,POINT (326144.2392099642 3318518.839041851),59648.0,10463.0,1389686.0,883e628d49fffff
terminals.76,76,84,Hamada Emam,حمادة امام,POINT (296711.1799983106 3310603.6079039383),0.0,2276.0,8775.0,883e62c747fffff
terminals.77,77,85,New Marg,المرج الجديد,POINT (339845.22625225096 3338041.875060163),50933.0,7392.0,1438369.0,883e628757fffff
terminals.78,78,87,Al Shorouq Water,محطة المياه شروق,POINT (367254.9627814151 3337520.3195433),1435.0,544.0,12962.0,883e62b2c1fffff
terminals.79,79,88,Matbaa,المطبعة,POINT (330866.4329592308 3317195.9868301675),62356.0,12405.0,1536340.0,883e628c2dfffff
terminals.80,80,89,Masallah Al Gadeda (Matareyya),المسلة الجديدة (المطرية),POINT (336359.6825646773 3334168.143544262),28896.0,3014.0,258862.0,883e628721fffff
terminals.81,81,91,Al Nozha Al Gadida (Gesr El Suez Garage),النزهة الجديدة (جراج جسر السويس),POINT (342315.16313195653 3333884.897496369),27503.0,7470.0,393976.0,883e628461fffff
terminals.82,82,92,Abbasseya,العباسية,POINT (334657.8987955922 3328075.2521321448),22092.0,18254.0,3095523.0,883e628e51fffff
terminals.83,83,93,Badrasheen Ferry,الاتوبيس النهري البدرشين,POINT (334898.0366058644 3303316.769785549),,,,
terminals.84,84,94,Cairo Airport,مطار القاهرة,POINT (345687.01020899817 3333058.752012349),969.0,1137.0,1891.0,883e628403fffff
terminals.85,85,97,Qalyoub,قليوب,POINT (326678.3285653233 3340217.0326037947),5920.0,3303.0,38407.0,883e628231fffff
terminals.86,86,99,Matareya Square,ميدان المطرية,POINT (336761.01522512553 3332795.4796903646),41610.0,8317.0,2106340.0,883e62854dfffff
terminals.87,87,100,Daewoo,دايو,POINT (296291.85164930316 3311743.88073613),0.0,4553.0,32701.0,883e62c741fffff
terminals.88,88,101,Hyper 1,هايبر ١,POINT (309250.64489156235 3323656.450913951),948.0,83.0,920316.0,883e628b03fffff
terminals.89,89,103,Masaken Ain Shams,مساكن عين شمس,POINT (341057.438548982 3334958.7242094837),68141.0,12820.0,939551.0,883e628717fffff
terminals.90,90,104,New Cairo Court,محكمة القاهرة الجديدة,POINT (348160.53404283914 3320328.4711312684),2795.0,3139.0,428016.0,883e62bb19fffff
terminals.91,91,106,Isbiko,اسبيكو,POINT (347181.42976108217 3339883.321528527),18382.0,2114.0,313225.0,883e628613fffff
terminals.92,92,107,Masaken Othman (6th of October),مساكن عثمان (6 أكتوبر),POINT (301217.0703697679 3311964.3322237004),,,,
terminals.93,93,108,Dandy Mall,داندي مول,POINT (309979.6800955083 3327125.6970906053),,,,
terminals.94,94,109,Zahraa Madinet Nasr,زهراء مدينة نصر,POINT (346690.17045818706 3325767.1799858795),,,,
terminals.95,95,110,Kattameya (Mahmoudeya),القطامية (المحمودية),POINT (345267.8847173451 3317092.5268828846),6859.0,1648.0,44035.0,883e62bb3dfffff
terminals.96,96,111,Arabella Square,ميدان أرابيلا,POINT (348546.46634146565 3318195.049177489),5388.0,1397.0,92185.0,883e62bb17fffff
terminals.97,97,112,Maspero Ferry,الاتوبيس النهري ماسبيرو,POINT (329410.66884837195 3325807.485011746),,,,
terminals.98,98,113,Arab Maadi,عرب المعادي,POINT (333056.5346828327 3316734.759642506),9966.0,4624.0,598269.0,883e628c3dfffff
terminals.99,99,114,Al Shorouq Academy,اكاديمية الشروق,POINT (365555.0438249796 3332789.5603209683),,,,
terminals.100,100,116,Remaya Square,ميدان الرماية,POINT (319449.8383036267 3319056.6081422884),20920.0,3994.0,673559.0,883e6288ebfffff
terminals.101,101,117,Hadaba Wosta (Moqattam),الهضبة الوسطى (المقطم),POINT (339797.2839425235 3321085.5269381213),13082.0,1662.0,276504.0,883e628eb9fffff
terminals.102,102,118,AUC Bus,موقف الجامعة الأمريكية,POINT (357644.39454609214 3320784.84402857),11.0,67.0,10.0,883e62ba81fffff
terminals.103,103,119,Al Toub Al Ramly,الطوب الرملي,POINT (341804.54834609886 3324248.9567232262),2044.0,1925.0,81309.0,883e628ed3fffff
terminals.104,104,120,Helwan Post Office,بريد حلوان,POINT (338935.92132307106 3303033.2482148656),14656.0,9405.0,267702.0,883e621445fffff
terminals.105,105,121,Laylat Al Qadr,ليلة القدر,POINT (297775.884204564 3314627.769219131),,,,
terminals.106,106,146,Ain Shams Metro,مترو عين شمس,POINT (338206.94620161917 3334485.7451135805),73740.0,16325.0,2317016.0,883e62873dfffff
terminals.107,107,122,Helwan Metro,مترو حلوان,POINT (339122.18051203043 3303353.09953169),14656.0,9405.0,267702.0,883e621445fffff
terminals.108,108,123,Al Hamd Square,ميدان الحمد,POINT (347901.26862851763 3320063.035589375),2795.0,3139.0,428016.0,883e62bb19fffff
terminals.109,109,125,New Cairo Academy,أكاديمية القاهرة الجديدة,POINT (349018.1444444995 3319111.442114537),4333.0,1197.0,118625.0,883e62bb13fffff
terminals.110,110,126,Bohooth (Al Kobri Al Khashab),البحوث (الكوبري الخشب),POINT (326290.79457153176 3324082.2487035487),35131.0,16656.0,1530487.0,883e628f41fffff
terminals.111,111,127,Abou Wafya,ابو وافية,POINT (331890.4352080555 3330913.5295470445),50689.0,13438.0,2044902.0,883e6280abfffff
terminals.112,112,128,Can Can 12th District  (6th of October),كان كان الحي الثاني عشر (٦ أكتوبر),POINT (296989.2880652321 3315737.919143293),,,,
terminals.113,113,130,Mamaleek -Manial (Meqyas),المماليك- المنيل (المقياس),POINT (328908.5943590035 3321203.158170493),15183.0,6337.0,1831522.0,883e628f15fffff
terminals.114,114,132,Zamalek Ferry,الاتوبيس النهري زمالك,POINT (328475.8614045465 3328079.7729186174),,,,
terminals.115,115,133,Masarra,مسرة,POINT (330404.3730067124 3328254.52792327),46472.0,15114.0,1493312.0,883e628193fffff
terminals.116,116,134,Isko,إسكو,POINT (334103.29664025444 3336824.3735969285),40766.0,19155.0,597122.0,883e6282b3fffff
terminals.117,117,135,Kattameya Church,كنيسة القطامية,POINT (347235.770078385 3317873.0144768544),6284.0,1358.0,144218.0,883e62bb3bfffff
terminals.118,118,136,10th of Ramadan City,مدينة العاشر من رمضان,POINT (379210.1275565276 3352219.110417202),,,,
terminals.119,119,137,Bulaq Al Dakrur,بولاق الدكرور,POINT (325848.4342269278 3324800.8665992967),32326.0,25248.0,1616027.0,883e628f49fffff
terminals.120,120,138,Hadaek EL Kobba,حدائق القبة,POINT (335307.4804247775 3329633.059490885),37617.0,8685.0,2369662.0,883e628565fffff
terminals.121,121,139,Mostorod,مسطرد,POINT (335374.3212438786 3334280.783316751),66989.0,4410.0,1856914.0,883e628725fffff
terminals.122,122,140,Awwel Al Zawya Al Hamra,أول الزاوية الحمراء,POINT (333889.1920729198 3330350.0306187985),71616.0,10579.0,2099411.0,883e6280b1fffff
terminals.123,123,142,Tagneed (Al Remaya),التجنيد (الرماية),POINT (317743.21687525645 3318168.584399197),0.0,1709.0,467200.0,883e6288e5fffff
terminals.124,124,143,Zahraa Ain Shams,زهراء عين شمس,POINT (339886.6524095951 3335101.839272206),82820.0,13835.0,832300.0,883e62873bfffff
terminals.125,125,144,Mazlaqan Ain Shams,مزلقان عين شمس,POINT (338511.63766903296 3334670.994747803),73740.0,16325.0,2317016.0,883e62873dfffff
terminals.126,126,145,Ezbet Al Nakhl,عزبة النخل,POINT (338686.459638258 3335388.8009558334),60950.0,14440.0,283157.0,883e628739fffff
terminals.127,127,147,Masaken Helmeyet Al Zaitoun,مساكن حلمية الزيتون,POINT (338851.2332936397 3333020.892962665),57013.0,13783.0,739557.0,883e628737fffff
terminals.128,128,148,Abou Rawwash,أبو رواش,POINT (316327.4751463771 3325343.2542995107),1563.0,31.0,140243.0,883e628a33fffff
terminals.129,129,149,Kerdasa,كرداسة,POINT (318404.61774307356 3324220.0992478263),7942.0,3001.0,1263757.0,883e628ae7fffff
terminals.130,130,150,Ramses,رمسيس,POINT (330797.965050547 3326916.586533468),17254.0,47776.0,3198245.0,883e628e6bfffff
terminals.131,131,151,Amiriya,الأميرية,POINT (335264.4649234919 3331953.2988325004),36520.0,4224.0,1365672.0,883e628091fffff
terminals.132,132,152,Ibrahim Bek,أبراهيم بيك,POINT (332720.5361346784 3335239.710448929),42989.0,19982.0,1424989.0,883e6280ddfffff
terminals.133,133,153,Qalyoub El Balad,قليوب البلد,POINT (327409.3076794447 3340224.5951599637),5919.0,3481.0,197699.0,883e628233fffff
terminals.134,134,154,Al Wehda Imbaba (Al Bohi),الوحدة أمبابة (البوهي),POINT (327858.083378476 3329854.927879893),51255.0,19463.0,2237473.0,883e6281d7fffff
terminals.135,135,155,Warraq Al Arab (Cima),وراق العرب (السيما),POINT (327964.0475355337 3330712.3219486144),51263.0,15933.0,742148.0,883e6281d1fffff
terminals.136,136,156,Ghamra,غمرة,POINT (332705.8925439526 3327591.191053002),41977.0,13166.0,1862329.0,883e628e43fffff
terminals.137,137,157,Akher Faisal,آخر فيصل,POINT (320139.2587443248 3319191.785218146),27066.0,5167.0,941460.0,883e6288c7fffff
terminals.138,138,158,Attaba,العتبة,POINT (331311.3582738464 3325794.6661942783),11934.0,49283.0,2310101.0,883e628e63fffff
terminals.139,139,159,Mosheer Ahmed Ismail (Sheraton),المشير أحمد إسماعيل (شيراتون),POINT (343083.0203027553 3330184.702732198),969.0,1137.0,638425.0,883e628427fffff
terminals.140,140,160,Qalyoub Exit,نزلة قليوب,POINT (329704.3500491517 3336681.1334987925),7539.0,811.0,1829573.0,883e6282a5fffff
terminals.141,141,161,Nahda City,مدينة النهضة,POINT (349818.74674385716 3338715.194111505),8675.0,937.0,348758.0,883e628689fffff
terminals.142,142,162,Al Sayeda Nafeesa,السيدة نفسية,POINT (331370.1689028673 3322289.984609159),16999.0,2942.0,1735167.0,883e628e27fffff
terminals.143,143,163,Kit Kat Square,ميدان الكيت كات,POINT (327800.13404388854 3327478.416346783),22315.0,28411.0,2404697.0,883e6281b9fffff
terminals.144,144,165,Asmarrat,الاسمرات,POINT (340260.2062546474 3319005.1194978147),,,,
terminals.145,145,166,Masaken Al Shorouq,مساكن الشروق,POINT (342727.8461481208 3327682.1154983183),10624.0,2525.0,112734.0,883e6285ebfffff
terminals.146,146,167,Arab Al Tawaila,عرب الطوايله,POINT (337729.21707300004 3335356.543327425),77745.0,9102.0,788011.0,883e62872bfffff
terminals.147,147,168,Al Banhawi,البنهاوي,POINT (332317.7376209969 3326423.6720389673),30251.0,26977.0,3489776.0,883e628e0dfffff
terminals.148,148,169,Sharabeya,الشرابية,POINT (332402.6317369241 3328818.0856675124),50588.0,6188.0,636470.0,883e628e4bfffff
terminals.149,149,170,Awwel Makram Ebeid,أول مكرم عبيد,POINT (340355.7208624143 3327564.018160873),11839.0,10525.0,450562.0,883e62853bfffff
terminals.150,150,171,Masaken Betcho,مساكن بيتشو,POINT (338845.73529886565 3316542.056883328),625.0,1153.0,17989.0,883e628c8dfffff
terminals.151,151,172,Hadayeq Helwan,حدائق حلوان,POINT (335738.42783235584 3308130.776232161),23062.0,6387.0,110734.0,883e621759fffff
terminals.152,152,173,Ahmed Maher Hospital,مستشفي أحمد ماهر,POINT (331287.11952489446 3324461.6876443415),38977.0,20033.0,2639841.0,883e628e29fffff
terminals.153,153,174,Badrasheen,البدرشين,POINT (333572.2253596208 3303257.2487322097),5590.0,3117.0,93127.0,883e62172bfffff
terminals.154,154,175,Saqqara,سقارة,POINT (329148.7727943816 3303495.409105459),2435.0,272.0,60011.0,883e6210ddfffff
terminals.155,155,176,26th of July & Ring Rd,محور ٢٦ يوليو مع الطريق الدائري,POINT (323917.1772630773 3327067.5891572894),39462.0,9192.0,2767165.0,883e6281adfffff
terminals.156,156,177,Madinat Al Talaba (Imbaba),مدينة الطلبة (إمبابة),POINT (326602.1937381904 3328008.526236571),31327.0,25674.0,2228311.0,883e628187fffff
terminals.157,157,178,Haram Talbeya,هرم طالبية,POINT (324578.4675738844 3320399.55714436),53861.0,16571.0,1589312.0,883e628f2dfffff
terminals.158,158,179,Haram Areesh (Sahl Hamza),الهرم العريش (سهل حمزة),POINT (322508.86265587166 3319543.10630291),32100.0,12578.0,1196016.0,883e6288d5fffff
terminals.159,159,180,Basrawy,البصراوي,POINT (327141.76632156206 3329377.7751181666),63097.0,12603.0,1288968.0,883e62818bfffff
terminals.160,160,182,Om Bayoumi (Mintay),أم بيومي (منطي),POINT (331560.12049661356 3336282.3783009117),45074.0,11682.0,436183.0,883e6280c9fffff
terminals.161,161,183,Al Shaboory Canal,ترعة الشابوري,POINT (334476.63519731164 3334690.8262504125),18816.0,4767.0,1428736.0,883e6280d3fffff
terminals.162,162,184,Al Shari' Al Gadeed  (Bahteem),الشارع الجديد (بهتيم),POINT (333466.28302302223 3335049.2780981073),42989.0,19982.0,1424989.0,883e6280ddfffff
terminals.163,163,185,Khosous,خلوص,POINT (338397.80433473876 3337762.92935861),51306.0,18349.0,653839.0,883e628709fffff
terminals.164,164,186,Al Bassous Steps (Ring Rd),سلم الباسوس (الطريق الدائري),POINT (327747.6409045298 3336249.1596300146),8886.0,1422.0,887014.0,883e62801dfffff
terminals.165,165,187,Bahtim Square,بهتيم,POINT (334098.1852551805 3335696.6760438243),40763.0,19153.0,1697004.0,883e6280d9fffff
terminals.166,166,188,Qawmeya Arabeya,القومية العربية,POINT (326786.9504014348 3330700.072970225),51295.0,10232.0,2088857.0,883e6281c3fffff
terminals.167,167,189,Mazallat,مظلات,POINT (331043.53835927387 3331553.281060675),28240.0,11866.0,2536473.0,883e6280a9fffff
terminals.168,168,190,Rabaah Al Adaweya Mosque,مسجد رابعة العدوية,POINT (338521.5158476695 3327391.693238482),9995.0,9954.0,1786347.0,883e62853dfffff
terminals.169,169,191,Awwel Abbas,اول عباس,POINT (339608.01030924375 3327524.8975318843),15912.0,15856.0,626722.0,883e628531fffff
terminals.170,170,192,Salam Alexandria,السلام إسكندرية,POINT (347937.60987997265 3340692.1287406436),18231.0,2487.0,2363.0,883e6286cdfffff
terminals.171,171,194,Jazirat Mohamed,جزيرة محمد,POINT (326989.9695002612 3332588.942484298),11809.0,1773.0,1031161.0,883e628037fffff
terminals.172,172,195,Awsim,أوسيم,POINT (320217.49976253044 3334166.7652568594),6187.0,4414.0,77750.0,883e628143fffff
terminals.173,173,196,Athar Al Naby,أثر النبي,POINT (329710.38247025426 3318854.2542539043),43428.0,8125.0,1635485.0,883e628c65fffff
terminals.174,174,197,Tibeen,التبين,POINT (335359.84058260854 3296596.0771139306),6066.0,3287.0,5619.0,883e621539fffff
terminals.175,175,198,Saft Al Laban,صفط اللبن,POINT (323368.3772134252 3323662.878917021),70509.0,9199.0,2512367.0,883e628a97fffff
terminals.176,176,199,Mazlaqan Al Deweqa,مزلقان الدويقة,POINT (334840.46119608573 3325508.534046231),6576.0,991.0,1242167.0,883e628e1dfffff
terminals.177,177,200,Abu Al Houl St,شارع أبو الهول,POINT (320839.3646608916 3317740.5117661674),15724.0,3614.0,419120.0,883e628881fffff
terminals.178,178,201,Al Sawah Square,ميدان السواح,POINT (334648.6157441028 3331925.371384771),43613.0,5484.0,1659351.0,883e628095fffff
terminals.179,179,202,Hawamdeyya,الحوامدية,POINT (333033.1100441424 3307870.0543928486),12232.0,5506.0,9301.0,883e621749fffff
terminals.180,180,203,Qism El Hadayek,قسم الحدائق,POINT (334857.5270250384 3330443.8898180835),63465.0,12161.0,2955258.0,883e62856dfffff
terminals.181,181,204,Obour Market,سوق العبور,POINT (351996.0498255395 3338409.603659464),,,,
terminals.182,182,205,Khanka,الخانكة,POINT (342721.14490064455 3344474.913278148),5507.0,4779.0,38963.0,883e6294a3fffff
terminals.183,183,206,Manshiyat Nasser,منشية ناصر,POINT (333465.1169785923 3324362.088666582),53062.0,3367.0,1286719.0,883e628e39fffff
terminals.184,184,207,Badr City,مدينة بدر,POINT (378170.5384805527 3334451.8082446908),1359.0,379.0,5436.0,883e62b62dfffff
terminals.185,185,208,Bashtil,بشتيل,POINT (325469.020737778 3329364.4323105295),44361.0,8286.0,1725044.0,883e62818dfffff
terminals.186,186,209,Filfil Mosque (Bashtil),مسجد فلفل (بشتيل),POINT (325847.81870263803 3329315.672935847),44361.0,8286.0,1725044.0,883e62818dfffff
terminals.187,187,210,Nasr St,شارع النصر,POINT (334246.56452191435 3317341.84583867),4261.0,3423.0,549604.0,883e628c39fffff
terminals.188,188,211,Orabi Bridge,كوبري عرابي,POINT (331457.1809391388 3333608.306995369),43444.0,29179.0,1650748.0,883e62808dfffff
terminals.189,189,212,Megawra 3 (15th of May),مجاوة ٣ (مدينة ١٥ مايو),POINT (343384.4714464686 3301323.468150292),1641.0,308.0,4271.0,883e621411fffff
terminals.190,190,213,Megawra 11 (15th of May),مجاورة ١١ (مدينة ١٥ مايو),POINT (341868.7835179891 3299795.6914326833),1588.0,3167.0,8490.0,883e621439fffff
terminals.191,191,214,Saad Zaghloul Metro,مترو سعد زغلول,POINT (330339.0487138333 3324138.147684799),39156.0,30762.0,2678034.0,883e628e2dfffff
terminals.192,192,215,Masaken Almaza,مساكن ألماظة,POINT (341499.1217634982 3329008.087214054),6713.0,6784.0,12923.0,883e628511fffff
terminals.193,193,216,Faisal St & Ring Rd,شارع فيصل والدائري,POINT (321249.7931679158 3319541.2979350076),37506.0,7831.0,1055611.0,883e6288c3fffff
terminals.194,194,217,Mostorod Ring Rd,مسطرد الدائري,POINT (336607.3275365196 3338164.8591237618),7733.0,1579.0,162863.0,883e628745fffff
terminals.195,195,218,Bab Al Shaaria Square,ميدان باب الشعرية,POINT (332037.9506468175 3326208.571027352),30251.0,26977.0,3489776.0,883e628e0dfffff
terminals.196,196,219,Moassaset Al Zakah,مؤسسة الزكاة,POINT (344301.62073586375 3338379.3031508476),8294.0,509.0,923701.0,883e62863dfffff
terminals.197,197,220,Al Marg Police,قسم المرج,POINT (340221.77260219964 3336508.102125891),58167.0,9835.0,2071681.0,883e62871dfffff
terminals.198,198,221,Applied Arts - Cairo University,كلية فنون تطبيقية - جامعة القاهرة,POINT (327266.2732259471 3323401.666608447),3702.0,21697.0,2444574.0,883e628f55fffff
terminals.199,199,222,8th District (Nasr City) - Al tabba,الحي الثامن (مدينة نصر) - التبة,POINT (343871.6557342408 3326606.3469962613),10586.0,1770.0,568049.0,883e62858dfffff
terminals.200,200,223,Basateen,البساتين,POINT (333322.08392045903 3318517.270691044),45214.0,5848.0,875915.0,883e628c01fffff
terminals.201,201,224,Al Magzar (Mariouteya),المجزر (المريوطية),POINT (322469.6072566454 3317864.2860254967),23728.0,6502.0,568654.0,883e62889dfffff
terminals.202,202,225,Masaken Othman (Ezbet El Nakhl),مساكن عثمان (عزبة النخل),POINT (338951.71521322103 3335627.3863842604),60950.0,14440.0,283157.0,883e628739fffff
terminals.203,203,226,El Kafr (Birak Al Khiyam),الكفر (برك الخيام),POINT (322342.2693913274 3325277.0384608386),6133.0,1174.0,408368.0,883e628a9dfffff
terminals.204,204,227,Nahia,ناهيا,POINT (319755.69263164984 3325391.6657178556),4207.0,491.0,322787.0,883e628a8dfffff
terminals.205,205,228,Qasr Al Einy,القصر العيني,POINT (329291.10285538575 3323337.801745003),17062.0,30218.0,2816489.0,883e628f53fffff
terminals.206,206,229,Mohagreen (Ezbet Al Nakhl),مهاجرين (عزبة النخل),POINT (339880.85401070333 3335622.138134979),58793.0,11673.0,1712176.0,883e628715fffff
terminals.207,207,230,Faisal Tawabek,فيصل طوابق,POINT (322454.1903768992 3320031.320029787),35145.0,20863.0,1246479.0,883e6288d1fffff
terminals.208,208,231,Al Malek Al Saleh,الملك الصالح,POINT (329612.4615535344 3321867.950214148),28728.0,6245.0,1621750.0,883e628f11fffff
terminals.209,209,232,Imbaba,امبابة,POINT (328179.67675656907 3328826.463273104),31676.0,16368.0,2571687.0,883e62819dfffff
terminals.210,210,233,Al-Salam (10th of Ramadan),السلام (العاشر من رمضان الجديد),POINT (346763.881740372 3336852.87111982),19338.0,3850.0,1292916.0,883e6286e5fffff
terminals.211,211,234,Saqqara Traffic Office,مرور سقارة,POINT (330146.41069522226 3303549.3535587974),3310.0,208.0,73781.0,883e6210d9fffff
terminals.212,212,235,Koleyet Al Banat - Ain Shams University,كلية البنات - جامعة عين شمس,POINT (338787.1061696421 3328930.575688293),8681.0,7312.0,1914160.0,883e628507fffff
terminals.213,213,236,Lotus  (5th Settlement),لوتس (التجمع الخامس),POINT (355279.7379927576 3322685.713623198),1203.0,382.0,500.0,883e62bacdfffff
terminals.214,214,237,El Itihad Square (Maadi),ميدان الاتحاد (المعادي),POINT (331279.6933316251 3316226.3462462067),12775.0,12604.0,1422048.0,883e628c25fffff
terminals.215,215,238,El Warsha (Ezbet Al Nakhl),الورشة (عزبة النخل),POINT (340493.7700863867 3335608.520917474),68141.0,12820.0,939551.0,883e628717fffff
terminals.216,216,239,Bashtil El Balad,بشتيل البلد,POINT (324903.34929592477 3329845.690344018),29702.0,5254.0,665734.0,883e6281ebfffff
terminals.217,217,240,Kafr Al Shurafa,كفر الشرفا,POINT (341890.4468463928 3335819.627949455),34658.0,5736.0,751421.0,883e628713fffff
terminals.218,218,241,Ring Rd Exit to Khosous,مخرج خصوص من الطريق الدائري,POINT (336475.0679659081 3337571.2337216833),33446.0,11706.0,701336.0,883e62876bfffff
terminals.219,219,242,Abdullah El Refaey,عبد الله الرفاعي,POINT (341640.2656372932 3337659.9265055056),45208.0,6750.0,594082.0,883e628625fffff
terminals.220,220,243,Bus Stop 43 (Matareya),الحافلات 43 (المطرية),POINT (337812.8817948764 3334034.815145878),76723.0,14942.0,755904.0,883e628723fffff
terminals.221,221,244,Helmeyet El Zaitoun Metro,مترو حلمية الزيتون,POINT (337593.8657840409 3332519.3982176958),47457.0,12408.0,2080371.0,883e628541fffff
terminals.222,222,245,Kafr Tohormos,كفر طهرمس,POINT (323980.9865267262 3322015.5179858473),88873.0,12333.0,566034.0,883e628f61fffff
terminals.223,223,246,Korba,الكوربة,POINT (338558.404309898 3330350.911404298),15992.0,15384.0,1922092.0,883e628509fffff
terminals.224,224,247,Koleyet Al Banat - Azhar University,كلية البنات - جامعة الأزهر,POINT (338555.1354938942 3325960.2259013383),10484.0,11506.0,1651626.0,883e628ecbfffff
terminals.225,225,248,Kolleyet Al Zeraah (Ain Shams University),كلية الزراعة (جامعة عين شمس),POINT (331291.1151209633 3332698.3026154474),43444.0,29179.0,1650748.0,883e62808dfffff
terminals.226,226,249,Fayda Kamel,فايدة كامل,POINT (331943.9065704523 3317418.8659392707),119559.0,12573.0,434706.0,883e628c29fffff
terminals.227,227,250,Maadi Metro,مترو المعادي,POINT (331838.4001927971 3315662.3889835067),13363.0,13765.0,2114702.0,883e628c27fffff
terminals.228,228,251,Al Sheikh Mansour,الشيخ منصور,POINT (339391.3148927358 3336230.304350727),72912.0,15396.0,512760.0,883e628703fffff
terminals.229,229,252,Awwel Faisal,أول فيصل,POINT (326368.5194885973 3321705.2912751),24471.0,20956.0,1859642.0,883e628f05fffff
terminals.230,230,253,Cairo University,جامعة القاهرة,POINT (327477.9024353755 3323190.6300824247),3702.0,21697.0,2444574.0,883e628f55fffff
terminals.231,231,255,Barageel St,شارع بارجيل,POINT (323002.5548622863 3328542.762334524),7161.0,2494.0,914425.0,883e6281e5fffff
terminals.232,232,256,Khalafawy Square,ميدان الخلفاوي,POINT (330958.3297312828 3330964.413753032),40897.0,13231.0,2852452.0,883e6280a1fffff
terminals.233,233,258,Zahraa Metro,مترو الزهراء,POINT (329403.26837217837 3319559.488120217),14052.0,5247.0,2230118.0,883e628c6dfffff
terminals.234,234,259,Moassasa,المؤسسة,POINT (330656.7200174006 3333719.2169406265),21897.0,24370.0,1707229.0,883e6280ebfffff
terminals.235,235,261,Madinat Al Solb  (Al Tibeen),مدينة الصلب (التبين),POINT (336585.8761083738 3295781.6705842167),4042.0,2008.0,34057.0,883e62153bfffff
terminals.236,236,263,Kilo 4 & Half,الكيلو أربعة و نص,POINT (343920.1815198324 3328666.178140326),2618.0,1185.0,1675678.0,883e6285c1fffff
terminals.237,237,264,Abou El Numrus,ابو النمرس,POINT (329303.6840778472 3315638.019582178),8340.0,1830.0,1061360.0,883e628d57fffff
terminals.238,238,265,Shabramant,شبرامنت,POINT (325872.07206943026 3313520.5686018136),3245.0,3572.0,786079.0,883e628d29fffff
terminals.239,239,266,Abboud,عبود,POINT (331816.5461922243 3331807.7320390674),26722.0,29813.0,1338587.0,883e628085fffff
terminals.240,240,267,Znen (Awwel Al Eshreen),زنين (أول العشرين),POINT (324870.4247719672 3323602.158779711),66987.0,11799.0,2267711.0,883e628f45fffff
terminals.241,241,268,Cairo University Metro,مترو جامعة القاهرة,POINT (326566.4153191642 3323014.7102607107),10019.0,16579.0,1563458.0,883e628f09fffff
terminals.242,242,269,Mazghuna,مزغونة,POINT (331861.80921388604 3291779.668070628),3390.0,341.0,8876.0,883e6202edfffff
terminals.243,243,270,Marioteya & Ring Rd,المريوطية الطريق الدائري,POINT (320367.2590871542 3321293.301668789),19860.0,2300.0,1163944.0,883e6288c9fffff
terminals.244,244,271,Dokki,دقي,POINT (327539.2638314636 3324284.390823957),11857.0,31535.0,3354681.0,883e628f5dfffff
terminals.245,245,272,Roxy,روكسي,POINT (337742.09838248487 3330481.387836719),10322.0,12715.0,2656875.0,883e62850dfffff
terminals.246,246,273,Omraneyya,العمرانية,POINT (326056.27908574214 3319486.46524397),62055.0,13626.0,518784.0,883e628f23fffff
terminals.247,247,274,Al Sayeda Zeinab,السيدة زينب,POINT (330462.69995907374 3323748.7212836584),39156.0,30762.0,2678034.0,883e628e2dfffff
terminals.248,248,275,Ard El Lewaa,أرض اللواء,POINT (325448.6202783298 3326424.9980746782),37489.0,29136.0,1693353.0,883e6281a3fffff
terminals.249,249,276,Moneeb,المنيب,POINT (327531.6546740975 3318229.601437987),45234.0,4665.0,1127188.0,883e628d4bfffff
terminals.250,250,277,Madinat Al Bo'oth Al Eslamyya,مدينة البعوث الاسلامية,POINT (333886.041017365 3325814.237751336),10138.0,7627.0,1954143.0,883e628e0bfffff
terminals.251,251,279,Giza Square,ميدان الجيزة,POINT (327548.95433605835 3321870.3824576857),16659.0,22093.0,2408889.0,883e628f01fffff
terminals.252,252,280,Abou Zaabal,ابو زعبل,POINT (341684.329758445 3347599.2887459607),2552.0,1029.0,20588.0,883e6294e3fffff
terminals.253,253,281,Dar El Salam,دار السلام,POINT (330220.8179354005 3318347.026330858),43428.0,8125.0,1635485.0,883e628c65fffff
terminals.254,254,327,"Omara, Bashtil",عمارة، بشتيل,POINT (326455.93727617734 3328631.9307522313),53159.0,9991.0,395497.0,883e628181fffff
terminals.255,255,328,Akher Zahraa Street,آخر شارع الزهراء,POINT (339899.0438644705 3334562.124647965),82820.0,13835.0,832300.0,883e62873bfffff
terminals.256,256,329,Awwel Gamal - Gesr EL Suez,أول جمال - جسر السويس,POINT (345897.1758700712 3335654.066213417),11691.0,4039.0,1108563.0,883e628451fffff
terminals.257,257,330,Saray Al Qobba,سراي القبة,POINT (336705.44525483163 3330930.6198622296),18491.0,9946.0,2240306.0,883e62856bfffff
terminals.258,258,331,Abu Yusif (Ezbet El Haggana),أبو يوسف (عزبة الهجانة),POINT (343801.2753523908 3327698.9676378067),10425.0,1417.0,2356.0,883e6285c7fffff
terminals.259,259,332,Awwel Al Qawmeyya Al Arabeyya,أول القومية العربية,POINT (327800.21405412315 3330246.561030874),51255.0,19463.0,2237473.0,883e6281d7fffff
terminals.260,260,340,R2 - New Administrative Capital,الأرتو - العاصمة الإدارية الجديدة,POINT (372414.87760708696 3322216.6743337708),,,,
terminals.261,261,341,Almaza Superjet,ألماظة سوبرجيت,POINT (340839.471728853 3329953.0132684642),1568.0,1708.0,1876466.0,883e628519fffff
terminals.262,262,342,Mabyadah Square - Rod El Farag,ميدان المبيضة - روض الفرج,POINT (330150.763327082 3329343.6725373706),39632.0,9533.0,2322051.0,883e62819bfffff
terminals.263,263,343,Kuwaiti Mosque - Zahraa Maadi,جامع الكويتي - زهراء المعادي,POINT (337374.9408383081 3315721.7936972845),1289.0,1892.0,60247.0,883e628ce1fffff
terminals.264,264,333,Al Qanatir Al Khayriyyah,القناطر الخيرية,POINT (320126.5303740704 3342138.537419084),5607.0,5290.0,37856.0,883e6291b7fffff
terminals.265,265,334,Bigam,بيجام,POINT (331063.6481450549 3334977.8605380645),55862.0,24283.0,1759532.0,883e6280c1fffff
terminals.266,266,335,Kolleyet Al Zeraah (Cairo University),كلية الزراعة (جامعة القاهرة),POINT (327559.3648299183 3322224.532020357),1374.0,15865.0,2252284.0,883e628f0bfffff
terminals.267,267,336,Al Omraneyya Al Gadida,العمرانية الجديدة,POINT (325350.29770428257 3318854.600997988),46802.0,8699.0,1954884.0,883e628f27fffff
terminals.268,268,337,Masaken Dahshour,مساكن دهشور,POINT (313122.4223400205 3308349.6979476376),246.0,147.0,366.0,883e621369fffff
terminals.269,269,338,Al Bassous,البسوس,POINT (327814.7653931235 3334949.609924081),8465.0,793.0,1558941.0,883e628015fffff
terminals.270,270,339,Wizarat District - New Administrative Capital,حي الوزارات - العاصمة الإدارية الجديدة,POINT (377802.63254453556 3321813.085762094),,,,
terminals.271,271,344,Carrefour - Maadi,كارفور - المعادي,POINT (337584.68227289984 3318177.5359231783),5346.0,2239.0,404856.0,883e628ccdfffff
terminals.272,272,345,Al Waha (Garage Al Mostaqbal),الواحة (جراج المستقبل),POINT (343084.28769581247 3324059.044841474),2779.0,2280.0,838745.0,883e6285a1fffff
terminals.273,273,346,Hadayek AL Ahram (Second Gate),حدائق الأهرام (البوابة الثانية),POINT (317477.2468842154 3316384.259670093),,,,
terminals.274,274,347,October (MM),أكتوبر (مواصلات مصر),POINT (303739.1953900806 3316730.9716748227),1113.0,117.0,195.0,883e62d4b7fffff
terminals.275,275,349,City Stars,سيتي ستارز,POINT (340169.40487867757 3327980.8112542005),11839.0,10525.0,450562.0,883e62853bfffff
terminals.276,276,348,Zayed (MM),زايد (مواصلات مصر),POINT (308149.021970426 3324616.452969266),1824.0,3007.0,424827.0,883e628b0dfffff
terminals.277,277,352,Al Mansheya Al Jadeeda,المنشية الجديدة,POINT (321391.8823826431 3321926.6046748892),18043.0,2042.0,890117.0,883e628ab5fffff
terminals.278,278,353,Manshiyet Al Bakary,منشية البكري,POINT (320632.960109169 3321936.7407563655),18043.0,2042.0,890117.0,883e628ab5fffff
terminals.279,279,354,Akher Tersa,آخر ترسا,POINT (321771.40741805214 3318665.332592652),24326.0,9195.0,134118.0,883e62888bfffff
terminals.280,280,358,Wataneya Moqatam,بنزينة وطنية المقطم,POINT (336896.714512855 3318519.2960711364),5536.0,2033.0,998534.0,883e628c1bfffff
