Route_Code,Vehicle_Type,Route_Length_km,Vehicle_Capacity
P_O_14_IG076,Microbus,29.3206537162238,14
p3-8qu3UivDvTp0cckEVG,Microbus,3.29503026323094,14
CTA_M_112,Minibus,24.2944965687775,33
P_O_14_CA033,Microbus,14.3108216607681,14
P_O_14_IC008,Microbus,58.990680842686,14
P_B_8_NC011,Tomnaya,5.92956932365129,7
FptsKvc-vW3cBoVWdYDUL,Bus,17.575369677229,49
COOP_IC024,Minibus,24.0336103008042,33
yW2PB6nRIGF3AW92oa9Kq,Tomnaya,2.82457673993069,7
5uY9vir47u3ABX4ON8Tf3,Microbus,7.56856085388059,14
P_O_14_GZ016,Microbus,4.86482697460741,14
P_O_14_GZ032,Microbus,1.89114937239162,14
iPmb6Kx9epuWwMHetjCnF,Microbus,20.082710977962,14
P_O_14_IC023,Microbus,25.1603662684448,14
FptsKvc-vW3cBoVWdYDUL,Bus,17.6885111170875,49
P_O_14_IC051,Microbus,12.3168539104045,14
s9b5Iic4NtV_eorQzj73e,Microbus,19.7856198042068,14
LNhgToq2DsZoXTXPK8G9d,Microbus,38.2511545624043,14
WiQa8bXpeSlLhEC1SUwGb,Microbus,18.4237121108117,14
COOP_IG080,Minibus,11.5096742696312,33
I30E1wTMc3MAmoOQniW3h,Microbus,11.9421937173256,14
P_O_14_IG066,Microbus,9.71139716805037,14
Ci3EuISJ24C8rXJIGK05p,Microbus,17.8042516558343,14
CTA_1145,Bus,25.5446555528358,49
LNhgToq2DsZoXTXPK8G9d,Microbus,43.1408457194291,14
WLDxjQ-KCsznJV1tiaAUM,Microbus,18.0848337343574,14
kRpR7tVa5mkJF71MQgxHN,Microbus,30.1627414472934,14
P_B_8_CA148,Tomnaya,4.43334638109637,7
CTA_1025,Bus,40.9431066884077,49
CTA_317,Bus,46.6290219988255,49
CTA_1107,Bus,40.6586742098137,49
P_B_8_6O026,Tomnaya,8.7681838152169,7
CYBtB1fCo1hBspOu6rrgm,Microbus,16.8080444561931,14
Eib3Hm9Na_KFRfgk0ykjn,Microbus,25.6067202758927,14
BOX_6O006,Box,4.99588813936655,10
CTA_1018,Bus,30.1941927031394,49
2EAwBcn3IACPZ0xefVHUM,Microbus,72.5533113213411,14
CTA_1009,Bus,22.6995194900086,49
CTA_912-1048,Bus,24.2501969108575,49
wMjyQ7gRXkx7VXHzsFwCf,Microbus,4.09108825754849,14
P_O_14_GZ007,Microbus,16.793814741565,14
P_O_14_CA011,Microbus,4.56485074733947,14
3tz5zeyxwhFrOyUkh7Ywp,Microbus,59.347747938196,14
CTA_794,Bus,28.8746640667623,49
CTA_1005,Bus,33.9979628553292,49
mwUKKpciQEKn_H2kOT4BD,Microbus,4.48629206959701,14
1FhB0pHnV9BOvKm0Ob-wB,Microbus,54.3286788938778,14
EwqAOaw248bX7cqrouzx3,Microbus,5.80921386067566,14
6rjmU4VqdB1ooUUa9jZiN,Minibus,34.1439441199401,33
CYBtB1fCo1hBspOu6rrgm,Microbus,20.5254976120556,14
dJMk38hnkQqjWUx8GExQu,Microbus,29.6475477034745,14
ZDNaajF6Sze97Dcd-UimA,Minibus,19.8828159492281,33
dQV3G9JYKsRk7qTtx6qZF,Microbus,46.5777204049679,14
CTA_1073,Bus,18.2526906748195,49
eNaYFATGV4nFM2ODEQGb5,Microbus,7.17481011686011,14
GX87T1pzMtRxYekSSN02o,Microbus,46.3062259191287,14
P_O_14_IG089,Microbus,4.87583355561804,14
CTA_65,Bus,25.3977627039147,49
s2yaV54cOOS0xeyQpkTZl,Bus,35.3069653803062,49
CTA_317,Bus,45.0963135416143,49
BOX_6O022,Box,3.05144997837579,10
49Lt1kKFfGCSPZKc8R4LQ,Microbus,70.3709605012296,14
Dy5kofrNjrAu73mDsw5Vk,Microbus,38.0674245155892,14
CTA_1083,Bus,45.6255571152038,49
CTA_990,Bus,31.5154486139099,49
CTA_1063,Bus,17.4431952052232,49
CTA_1053,Bus,22.1862814176816,49
aPqU-5Zq_31ywCFAxL2wE,Microbus,8.47888556720631,14
8zZN-__0-7PufjS2ZVRSA,Microbus,36.3756848633987,14
S7vV1gLrYMRDA3sRxXeNY,Bus,14.2979742157726,49
krefFO7pEgU4JkYMwWveO,Microbus,22.1590696278819,14
5n-gry5iuNS4TUoZAFqXI,Minibus,21.8454981797112,33
INAVDyd7BcSqbkwQ6JoJO,Microbus,61.2904372104808,14
CTA_1019,Bus,34.5922392207524,49
CTA_1047,Bus,32.1843223098776,49
CTA_1005,Bus,32.6085620761702,49
COOP_QA005,Minibus,5.2516332160138,33
CTA_1021,Bus,27.5740739608215,49
CTA_975,Bus,21.3161748818429,49
CTA_1018,Bus,30.4909693569241,49
CTA_44S-1042,Bus,16.2885859302351,49
P_O_14_CA139,Microbus,8.0976837498972,14
ht0GgjSAbF0kdmnExj5Yz,Microbus,2.58370079829404,14
PqnyKZvgBfy2DlGQ-9usu,Microbus,36.0512184780071,14
CTA_1118,Bus,34.9352749220035,49
P_O_14_GZ052,Microbus,3.40788321354731,14
CTA_1148,Bus,29.5329899371246,49
0Ey4XgPAt58ikVvQZvr-a,Microbus,53.1009901682549,14
CTA_1019,Bus,26.126037871409,49
CTA_530,Bus,38.0077354923831,49
1uALlQYE7WZs28gRvdky_,Microbus,41.6620029300509,14
COOP_GZ028,Minibus,4.57308923227942,33
8jTTZgEIrhAYkvpLjD0fe,Minibus,23.2389502795679,33
y4xb6nE-WNerPhWcnvsM0,Minibus,42.0706138316971,33
vUkl6qQJBMrkeq2TumXP0,Microbus,43.8978796512885,14
CTA_1083,Bus,49.5662301923732,49
CTA_945-1082,Bus,27.5830555812376,49
WLDxjQ-KCsznJV1tiaAUM,Microbus,17.877956527775,14
yh9YPjdcnPYlRsZtyNbb5,Microbus,33.1391356812131,14
fPRBf1K3K_qq6lfyMtz0d,Bus,21.3632411897092,49
CTA_92-1050,Bus,22.9599106840783,49
CTA_306,Bus,17.2393098914852,49
dJMk38hnkQqjWUx8GExQu,Microbus,26.5420723486493,14
P_O_14_IG068,Microbus,7.84048497514618,14
CTA_1128,Bus,30.7813034867361,49
-jATAbzzhiwEzrFjPHt6K,Microbus,29.3120476341257,14
sqx1SY5Zgo0LoyC1SMQf2,Microbus,25.2599701366406,14
sX7EyGGLBt2OzYRcGGO74,Microbus,36.5503107207613,14
U12iA-JAJn3HecabkdSeW,Minibus,5.07294710301835,33
Zy8zeMtNXeBpZrtvM4kDl,Minibus,5.77204908957263,33
gIGWDwJ1h2hbMhbXxMgt-,Microbus,55.5485474610505,14
ezpn_pLZwURzLcKbgLGqy,Microbus,8.66773944313659,14
hRA5S5Z-BPCDxu2DCpfVS,Bus,45.360185119773,49
COOP_GZ006,Minibus,7.63933788444746,33
COOP_GZ011,Minibus,6.26786034189951,33
zdqlYRVdftBHIeoVbaRin,Microbus,6.06832487925961,14
PqnyKZvgBfy2DlGQ-9usu,Microbus,36.8678949151798,14
31lxQf5nIa80ffeAkBjMH,Microbus,16.2615398120443,14
l45Z_rte2W7zMPDfJsvgF,Microbus,30.7444955462152,14
AWvboTfFAFIfUgBcz8N8_,Microbus,5.08662106266169,14
YNiBQqmS39eoratamiEeJ,Microbus,11.1253882409295,14
hRA5S5Z-BPCDxu2DCpfVS,Bus,46.3763499575362,49
sKigzosL3Acf4HBsP24lt,Microbus,28.7412166100521,14
UfIjTN8B9qEE30WQYajlo,Minibus,25.9136513984793,33
sX7EyGGLBt2OzYRcGGO74,Microbus,43.7464345753679,14
qQ8CZf6wkbvSMMGKizEwd,Minibus,18.0449607997861,33
CTA_46,Bus,18.5027389812948,49
s2yaV54cOOS0xeyQpkTZl,Bus,39.1470928721259,49
P_O_14_GZ034,Microbus,21.1456492179008,14
CTA_987,Bus,29.5008890666243,49
Va6aQT0gwfU48MBTXdWwi,Microbus,2.48690817358524,14
y4xb6nE-WNerPhWcnvsM0,Minibus,41.7452863648951,33
s9b5Iic4NtV_eorQzj73e,Microbus,18.0782909752657,14
2GAYQWfWuEdIk5hhjFe2Q,Microbus,9.69615847077446,14
gWKGZfIReAwR3-_sXN468,Minibus,44.3372473985788,33
P_B_8_CA099,Tomnaya,3.23497838709135,7
CTA_1134,Bus,16.7074248103551,49
P_O_14_CA085,Microbus,8.83708332129903,14
KJH0c5fBJqypfRMmg6cgr,Microbus,31.7343305267785,14
CTA_321,Bus,10.2441014551149,49
CTA_1021,Bus,29.3057118397416,49
P_B_8_6O025,Tomnaya,10.8566917980312,7
P_O_14_GZ045,Microbus,3.02319731446606,14
FxOFHTgsZx0eekbWPaB7N,Microbus,42.5174218364194,14
CTA_530,Bus,38.4073428131586,49
T7BWm7IBJwclTVfKGA8P-,Microbus,5.61889766221756,14
nfTyUrX7ZdSJk5J-tHCx9,Microbus,60.7152287002548,14
c3UcQoq3-K4VbxrHfMQ55,Microbus,2.45626243679863,14
FxOFHTgsZx0eekbWPaB7N,Microbus,35.1137240594217,14
P_O_14_IG097,Microbus,5.21098410023925,14
8zZN-__0-7PufjS2ZVRSA,Microbus,38.5431795460302,14
P_O_14_IC038,Microbus,15.1239017234502,14
EhNM80xhORC_NDg_20VLW,Microbus,40.1593624413789,14
CBawsLpBIIydAXnIUEdNh,Microbus,18.4122782743162,14
Rq6lJWJ6BtMfkKyWFKuSv,Microbus,50.6399693548302,14
P_O_14_GZ021,Microbus,4.70623677605114,14
kA8n--UIK-e5xqdLFPHKs,Minibus,52.0625941296173,33
GHSOgF6amUGK8ac9n6HDF,Tomnaya,13.7088998116064,7
DClfXOL0aW73BQGJeM5yZ,Microbus,20.0339257661718,14
5n-gry5iuNS4TUoZAFqXI,Minibus,20.6613510724503,33
VcyJ3Cygkrd6BpKY5hhzC,Microbus,5.05677092541998,14
P_O_14_CA126,Microbus,10.7492156252613,14
dOSjy2LRc3erAam81oIco,Microbus,9.61811065890963,14
dQV3G9JYKsRk7qTtx6qZF,Microbus,44.6555164310333,14
XdCl81relei_UyeDojycn,Bus,11.4397753340709,49
3tz5zeyxwhFrOyUkh7Ywp,Microbus,59.0100417271161,14
CTA_940S,Bus,29.8651120651903,49
P_B_8_NC015,Tomnaya,4.57997801968108,7
CTA_1097,Bus,21.5715470273247,49
TpYarSDEAgegRqTp_xFUV,Microbus,27.8307963725611,14
lwOCQWwxGYT5NrsJbZAqU,Microbus,18.2449264357227,14
CTA_1087,Bus,27.4952611145151,49
wVSEsc9QL4aBYHVv-Spy9,Microbus,7.03862447296348,14
CTA_3G,Bus,11.693260525427,49
CTA_342,Bus,21.3901137795319,49
CTA_1047,Bus,36.2369099224398,49
P_O_14_IG044,Microbus,3.92237054736697,14
0Ey4XgPAt58ikVvQZvr-a,Microbus,55.2681349047615,14
P_O_14_IC012,Microbus,63.1650646149667,14
DhUww9NFJ-S-MKhxVBuN7,Microbus,66.3911360802098,14
aLrT5j0aQaI9mR_I4nxYy,Microbus,6.33756075102522,14
P_O_14_CA161,Microbus,23.7520245503869,14
-pzqD_9pESIJi9DBe5yJq,Microbus,62.6030768260111,14
udOvMoeRiZwiZFRRbXCiq,Microbus,7.03772604224401,14
CTA_507,Bus,29.0500324104865,49
P_O_14_IG051,Microbus,20.730562755742,14
sK63J6jAOvBBc3IX-hjeh,Microbus,58.6474333921202,14
uhDYU4IhrHBkjjsbJNRx2,Microbus,10.9264690387042,14
P_O_14_CA001,Microbus,6.13417434068329,14
yh9YPjdcnPYlRsZtyNbb5,Microbus,32.0513057962399,14
P_O_14_CA126,Microbus,9.23164724556407,14
CTA_370,Bus,42.4402253069801,49
K1dlRvEAwUViQaG-pJKjN,Tomnaya,7.0884053436837,7
Ogi2rh_OlSM2h_wvvLGkk,Microbus,4.20627536386443,14
GX87T1pzMtRxYekSSN02o,Microbus,43.3205274148815,14
8RI-aNmJq8pcth5IxMf8T,Microbus,10.2564995279926,14
EhNM80xhORC_NDg_20VLW,Microbus,41.6227699155548,14
P_B_8_NC010,Tomnaya,5.06539347587283,7
COOP_IG053,Minibus,7.22575196577174,33
AkZ8btBfGZichKXXhgGwM,Microbus,17.323754000958,14
fyAW0vltVKbZBO8k2gEAB,Microbus,12.3509660927819,14
nfTyUrX7ZdSJk5J-tHCx9,Microbus,64.8510007829085,14
CTA_1026,Bus,20.6309368187828,49
1mr8RU0a90VsX2pRB9Rfl,Microbus,5.36914074122719,14
sqx1SY5Zgo0LoyC1SMQf2,Microbus,25.4374044730053,14
lwOCQWwxGYT5NrsJbZAqU,Microbus,18.7686102068146,14
NGTy9esRU6oo2uc86eEae,Microbus,11.6444034155066,14
sK63J6jAOvBBc3IX-hjeh,Microbus,61.9991222579969,14
P_O_14_IC022,Microbus,35.1665611153962,14
P_O_14_GZ034,Microbus,20.8409235002284,14
P_O_14_IC034,Microbus,24.9468881574423,14
CTA_1022,Bus,42.7164611469731,49
2EAwBcn3IACPZ0xefVHUM,Microbus,65.6429169392285,14
AWvboTfFAFIfUgBcz8N8_,Microbus,4.87138948243322,14
jtkYqK9oNBf7XcgtSYXPG,Microbus,40.2977002415417,14
P_B_8_6O014,Tomnaya,3.99113303327322,7
Eib3Hm9Na_KFRfgk0ykjn,Microbus,24.2935015419935,14
P_B_8_NC018,Tomnaya,1.7748455197624,7
CTA_1022,Bus,51.7895449132403,49
P_O_14_CA091,Microbus,4.98190646141916,14
NQUMSYblUFR1PnVP2ve9q,Microbus,25.6090310268775,14
P_B_8_6O009,Tomnaya,7.34303043027438,7
6rW6IVn72lBoD0xzHhqZO,Microbus,45.9433941686358,14
P_B_8_6O027,Tomnaya,2.81602847373274,7
P_O_14_IG009,Microbus,5.49788460841657,14
BOX_6O016,Box,4.54119655947914,10
CTA_1118,Bus,34.3685265183038,49
YNiBQqmS39eoratamiEeJ,Microbus,10.5569210882889,14
COOP_QA005,Minibus,5.75382616137313,33
P_O_14_GZ016,Microbus,4.5185224743282,14
fyAW0vltVKbZBO8k2gEAB,Microbus,10.9793039891347,14
CTA_940S,Bus,31.6347560827517,49
P_O_14_IC090,Microbus,34.2306525345392,14
CTA_1026,Bus,22.8684159890047,49
P_O_14_IC007,Microbus,29.4712389312173,14
P_B_8_NC014,Tomnaya,4.16198863877743,7
iMAKUgcl9tKwzLmwnFJLO,Microbus,27.1871567625099,14
P_O_14_IG042,Microbus,10.8897342226892,14
CTA_840,Bus,13.9744946750053,49
P_O_14_CA143,Microbus,1.78664746172983,14
mACiG8_tUrwcPtvZXP8Od,Bus,15.7686933292,49
CTA_1024,Bus,34.3953239750943,49
hdBN4uzpUjTGN0vKzf9kW,Microbus,4.91280518750151,14
189igEKLGNwIUDl8gfOwh,Microbus,16.5207011945295,14
CTA_912-1048,Bus,25.3028726575078,49
CTA_1144,Bus,16.1012622984002,49
CTA_1024,Bus,33.5231621775661,49
P_O_14_CA152,Microbus,3.68893924868513,14
P_O_14_CA049,Microbus,6.63147511063376,14
CTA_1,Bus,37.4360006647678,49
CTA_82,Bus,4.77507388513335,49
5QND291boJ53-oQki3hmz,Microbus,5.05668195853062,14
OoHDu3yHaG3yU2H8XPJWb,Microbus,26.5873588307636,14
P_O_14_CA031,Microbus,3.82795437311178,14
CTA_43,Bus,13.9125047317774,49
avm32oXuwPxCT17sZkBf2,Bus,21.0852531567363,49
P_O_14_GZ052,Microbus,3.38450302044434,14
P_O_14_IG082,Microbus,2.97476751247244,14
CTA_1136,Bus,32.4068829924955,49
ERyjQRx_H15I9oB9BX0gr,Microbus,19.0517402955676,14
P_O_14_GZ004,Microbus,8.07528398740681,14
M72HU9kmUJZ6FhQHG_GpP,Bus,13.202669065951,49
P_O_14_GZ023,Microbus,7.52495040459944,14
P_O_14_CA010,Microbus,42.9832489851549,14
c3UcQoq3-K4VbxrHfMQ55,Microbus,2.25240568835607,14
Y2QwurrDMngNWrnsgPUTv,Microbus,2.84205756157941,14
NrXQrpcK2JA_IC7xpHfNm,Microbus,30.2504082985606,14
_z3FcfxuY_8UZ1c35Kf_4,Microbus,7.26521057037966,14
udOvMoeRiZwiZFRRbXCiq,Microbus,9.94439777462064,14
wWMuRqPO_EzSkv3jCgnic,Microbus,61.668443439185,14
F-oBh93OH6Ie4snCmxj8i,Microbus,6.78526970005224,14
PWCFW_a8c-PDr7QO6PoJe,Microbus,60.6952232870712,14
wWMuRqPO_EzSkv3jCgnic,Microbus,59.057942301448,14
COOP_GZ062,Minibus,5.94460512778083,33
ERyjQRx_H15I9oB9BX0gr,Microbus,19.379356324007,14
P_B_8_CA099,Tomnaya,3.1706741575854,7
CTA_982,Bus,24.969384208056,49
ZLIlRoH8mggg0j2DKqbhA,Microbus,44.5920421682857,14
P_O_14_CA163,Microbus,19.2531086266775,14
tScPnAp_04aD4VwhGidx4,Microbus,54.6469548146652,14
OoHDu3yHaG3yU2H8XPJWb,Microbus,34.6188894795944,14
P_O_14_CA063,Microbus,13.0856420657697,14
CTA_1088,Bus,39.8363461768097,49
P_B_8_NC013,Tomnaya,2.46639710690849,7
CTA_1097,Bus,24.3829928296169,49
ZLIlRoH8mggg0j2DKqbhA,Microbus,47.833163266326,14
LneRsrKsi5-xujQOkQX66,Microbus,46.3870576783719,14
A7O-x1J3WidCSxnV85H0s,Tomnaya,3.83095239068316,7
P_O_14_IC001,Microbus,22.5300197582981,14
P_B_8_NC018,Tomnaya,1.19702309213728,7
P_O_14_GZ037,Microbus,8.55659050983727,14
P_O_14_GZ024,Microbus,2.83616733594283,14
CTA_M_400,Minibus,50.4873766110438,33
P_O_14_GZ032,Microbus,2.02296577450878,14
CTA_1063,Bus,15.2353123729958,49
P_O_14_IC029,Microbus,12.7809066235092,14
P_O_14_CA082,Microbus,8.26637609644963,14
P_O_14_CA030,Microbus,2.98480475841799,14
P_B_8_6O015,Tomnaya,5.3934899252094,7
P_O_14_IG021,Microbus,6.5503196412259,14
P_O_14_GZ017,Microbus,11.5100419919201,14
5QND291boJ53-oQki3hmz,Microbus,4.74833264005836,14
CTA_44S-1042,Bus,16.6779763679337,49
P_O_14_GZ018,Microbus,14.1192710192067,14
MM_NA13,Bus,29.8860261132759,49
P_O_14_GZ026,Microbus,8.94209838534396,14
P_O_14_GZ045,Microbus,3.35980943095151,14
CTA_987,Bus,29.8594045068023,49
CTA_910,Bus,22.3528738543144,49
CTA_1161,Bus,40.2599075926583,49
CTA_M_302,Minibus,36.7600827556358,33
CTA_M_201,Minibus,25.2942432327083,33
P_O_14_GZ041,Microbus,12.316018552678,14
CTA_M_167,Minibus,27.4102719874466,33
CTA_M_180,Minibus,37.4468079187766,33
CTA_M_3,Minibus,22.6656438691014,33
n12_wD90lp64_mH8N3fRH,Microbus,3.94114940459783,14
P_O_14_IC045,Microbus,8.83557808995974,14
P_B_8_6O029,Tomnaya,2.90101081937498,7
FI3sY62cvzwcF6qpLJTuV,Microbus,12.1945194218377,14
P_B_8_6O008,Tomnaya,5.32234362338892,7
CTA_M_201,Minibus,28.679076728836,33
CTA_M_142,Minibus,32.1441874985541,33
CTA_M_19,Minibus,33.6469643803703,33
P_O_14_GZ010,Microbus,4.15820619322522,14
miikEkLkL-jQKBoSrb6mE,Microbus,1.25628437782223,14
P_B_8_NC002,Tomnaya,3.81507523883524,7
XdCl81relei_UyeDojycn,Bus,12.1086074267497,49
6HiNrwyzAw5JGPUdaty-0,Microbus,3.51525024107648,14
P_B_8_CA021,Tomnaya,5.29020992055895,7
P_O_14_CA006,Microbus,7.17090454606551,14
P_B_8_NC006,Tomnaya,7.6215058775743,7
P_B_8_NC005,Tomnaya,13.7322535864397,7
COOP_QA003,Minibus,8.76503935707895,33
_z3FcfxuY_8UZ1c35Kf_4,Microbus,7.67238635058135,14
P_O_14_CA048,Microbus,2.43577907245958,14
P_O_14_IG068,Microbus,7.45066040342573,14
P_O_14_GZ040,Microbus,5.25554683798239,14
wVSEsc9QL4aBYHVv-Spy9,Microbus,6.36343200650846,14
P_O_14_CA001,Microbus,5.91342137845763,14
P_O_14_IG097,Microbus,5.12022474659031,14
P_O_14_CA053,Microbus,3.37321035798651,14
DbgUPH8AHAnBT59Ux_FrC,Bus,19.4358044374335,49
n4ilqcRQ9yJVFWs-xSz-D,Bus,24.273167237482,49
P_O_14_CA017,Microbus,3.72604087407315,14
P_O_14_CA047,Microbus,9.47679183195883,14
wGCNj9b51EYHmlNiQLQOJ,Minibus,19.0066056957582,33
CTA_1150,Bus,38.9604398817007,49
P_O_14_CA027,Microbus,5.71917750434707,14
rkJxL56Q3OKc76Ff6Pg8s,Bus,21.7522216849822,49
d-Goa1xpnuFiRnI_5i9Uy,Minibus,15.9153945074259,33
QD4B-vIsagxeF82oSJvMs,Microbus,3.53451329332556,14
P_O_14_IC071,Microbus,8.57585079820269,14
CTA_1076,Bus,21.4251918776015,49
xHDTuKEcNGya_6TEqky9R,Microbus,15.3605994152986,14
P_B_8_6O021,Tomnaya,11.1857614568884,7
P_B_8_6O029,Tomnaya,3.31704587997612,7
CTA_M_180,Minibus,34.3587603327718,33
MgUeZY5IH7DhXn9qFpvGl,Microbus,1.39386497825185,14
P_O_14_IC054,Microbus,60.6855449396413,14
P_O_14_IG058,Microbus,12.4516083679616,14
CTA_M_117,Minibus,33.0461078414556,33
P_O_14_CA015,Microbus,26.9042457163768,14
P_O_14_CA071,Microbus,1.96829159263077,14
P_O_14_GZ005,Microbus,12.0922139592087,14
CTA_M_161,Minibus,17.4762842882622,33
P_O_14_CA116,Microbus,6.003371897068,14
P_O_14_IG058,Microbus,11.841340606611,14
CTA_1010,Bus,25.8142469020319,49
CTA_M_100,Minibus,26.3905394230867,33
5l1G65qweO5GdBQpfy1EM,Microbus,17.585355463108,14
rSzg2M_8gM0cX-PnDBpDS,Microbus,26.8606430035927,14
CTA_M_100,Minibus,26.6512249688093,33
P_B_8_CA021,Tomnaya,5.72530918370843,7
P_O_14_CA014,Microbus,10.1941734310006,14
CTA_M_400,Minibus,49.904650575078,33
P_O_14_CA157,Microbus,5.50406724598942,14
P_O_14_CA091,Microbus,7.54339257883986,14
mArLEgVOmRmk2qjpXCcyb,Microbus,7.80468851917487,14
P_O_14_CA171,Microbus,26.2961345000453,14
COOP_IG064,Minibus,3.57931267328303,33
CTA_15,Bus,10.7589286580301,49
P_B_8_SZ013,Tomnaya,2.49395841587661,7
P_B_8_CA094,Tomnaya,5.08295760358853,7
P_B_8_SZ007,Tomnaya,11.5771938108452,7
JFURIfkSZvjnSzWLlUZ65,Microbus,3.88855471532058,14
CTA_1031,Bus,24.5079708438174,49
CTA_M_606,Minibus,32.239097127375,33
lzExfvE08FXIFTjkNJgv9,Microbus,5.95679908035671,14
P_O_14_GZ060,Microbus,13.0550543417953,14
P_O_14_IC061,Microbus,30.732932205777,14
CTA_M_606,Minibus,29.4811918644404,33
DbG-wNqeP6sqp4PmEoB9c,Bus,14.7220888197468,49
COOP_IC075,Minibus,34.0043257088379,33
P_O_14_IC041,Microbus,15.3144744524768,14
CTA_1108,Bus,24.2590949404275,49
CTA_M_161,Minibus,18.7685827234102,33
CTA_M_3,Minibus,23.7297101987565,33
P_O_14_CA010,Microbus,27.4141572149325,14
P_B_8_NC016,Tomnaya,5.77489275876124,7
CTA_532,Bus,13.1753773099408,49
P_O_14_IG036,Microbus,18.0658760546558,14
P_O_14_CA174,Microbus,2.12754894280292,14
P_O_14_GZ041,Microbus,13.9681309076267,14
P_B_8_NC006,Tomnaya,8.69030619851925,7
P_O_14_IG065,Microbus,7.07232439462953,14
P_B_8_SZ005,Tomnaya,2.54475587722359,7
NrOaoQJmSjyW5uQtfFt7p,Microbus,11.0098092894143,14
sKigzosL3Acf4HBsP24lt,Microbus,26.9067409093579,14
NQUMSYblUFR1PnVP2ve9q,Microbus,24.3163330383998,14
P_O_14_IC059,Microbus,44.1180510801732,14
CTA_914,Bus,16.3134127925973,49
P_O_14_CA115,Microbus,7.33428782359756,14
P_B_8_CA149,Tomnaya,5.61621058162465,7
P_B_8_GZ014,Tomnaya,8.85902825890865,7
BOX_6O006,Box,5.99753190172684,10
P_O_14_CA068,Microbus,4.43154870777314,14
CTA_915,Bus,18.8331731543084,49
P_O_14_CA135,Microbus,31.8445031223362,14
P_O_14_IC096,Microbus,35.4107602259001,14
P_O_14_IC095,Microbus,47.86613979392,14
P_O_14_GZ040,Microbus,5.06908889456597,14
P_O_14_IC002,Microbus,22.6235357998551,14
P_B_8_CA095,Tomnaya,2.11349565748155,7
P_O_14_IC015,Microbus,34.3417313745655,14
P_O_14_IC094,Microbus,39.0967562121029,14
BOX_6O028,Box,11.4348774377057,10
P_O_14_IG020,Microbus,2.31958877701357,14
P_O_14_GZ035,Microbus,17.1111087301593,14
P_O_14_CA137,Microbus,32.9152980296233,14
P_O_14_IG023,Microbus,32.0609735840179,14
P_O_14_CA076,Microbus,31.7058212991315,14
P_O_14_GZ057,Microbus,3.73291331277885,14
P_O_14_IG078,Microbus,10.418146224465,14
CTA_900,Bus,20.6417612503036,49
P_O_14_CA141,Microbus,53.2756513530251,14
P_B_8_GZ015,Tomnaya,6.73750486298573,7
COOP_QA003,Minibus,9.94484859051406,33
P_B_8_6O008,Tomnaya,5.8705896156472,7
CTA_204,Bus,21.1843127256731,49
P_O_14_IC022,Microbus,44.8284780528203,14
P_O_14_CA072,Microbus,19.246425104914,14
P_O_14_IC083,Microbus,23.1265696786844,14
P_O_14_IG021,Microbus,4.3021463416127,14
P_O_14_IC018,Microbus,38.7380065022881,14
P_O_14_IG084,Microbus,10.4269168511049,14
P_O_14_CA036,Microbus,12.803319683334,14
P_O_14_IG041,Microbus,36.1390230451746,14
P_O_14_CA007,Microbus,27.5376271551264,14
P_O_14_IC011,Microbus,53.5852520670524,14
P_O_14_IC081,Microbus,6.21417596638955,14
P_O_14_CA019,Microbus,3.16376358101385,14
kmJvmozOqYl95wRijRLnL,Minibus,23.2277253783131,33
P_O_14_IC086,Microbus,35.4266285163479,14
P_O_14_IC017,Microbus,38.3178453881496,14
P_B_8_NC010,Tomnaya,4.90427018404213,7
MM_NS5,Bus,44.8719334230495,49
MM_NS5,Bus,42.20338345896,49
IYD6dwYtSHca6S9EV__lK,Microbus,5.79227550221814,14
P_O_14_CA133,Microbus,36.7136239334987,14
P_O_14_IG023,Microbus,31.321955710115,14
l-EKz6sq8PlM9bMdDXqUY,Microbus,20.0223364477487,14
5v34MuGjLYA0AFM7dhCCE,Bus,17.1269163637837,49
CTA_1088,Bus,40.3603449727067,49
P_O_14_IG018,Microbus,9.11599476683278,14
P_B_8_NC017,Tomnaya,3.01839643450685,7
OXsaA6ch0zWJIr-wsnU3M,Microbus,6.69777433595641,14
P_O_14_IC094,Microbus,38.5913748903323,14
CTA_26T,Bus,13.1167305437816,49
P_O_14_GZ005,Microbus,11.9235490764925,14
P_O_14_IC016,Microbus,42.7082007888222,14
P_O_14_IC057,Microbus,44.2692179922432,14
P_O_14_IC097,Microbus,46.183427907503,14
SI9aO3R9Vl4yBxUdPoO7K,Minibus,18.9804695937624,33
BOX_6O004,Box,6.03583139786476,10
P_O_14_CA162,Microbus,5.27705152330843,14
CTA_1053,Bus,20.7339869879949,49
P_O_14_IC008,Microbus,65.5794568331158,14
P_O_14_CA036,Microbus,14.4483417361549,14
P_O_14_IG051,Microbus,23.812288374073,14
P_O_14_IC026,Microbus,28.9192005142656,14
EwqAOaw248bX7cqrouzx3,Microbus,5.17776346090562,14
P_O_14_IG078,Microbus,8.27820362284596,14
P_O_14_GZ033,Microbus,4.15655159588915,14
P_B_8_CA107,Tomnaya,4.49624926208872,7
P_O_14_CA120,Microbus,3.07953339653866,14
1ZbDBsUQUJRub7iZYmHFI,Microbus,2.60246942058676,14
P_O_14_IG037,Microbus,45.4824145466867,14
CTA_43,Bus,16.192931062568,49
CTA_1123,Bus,17.953103489131,49
CTA_1078,Bus,43.1936743948499,49
wefEKmjKPjq1ZbcWyQSwL,Tomnaya,4.54407945144574,7
P_O_14_GZ002,Microbus,21.1743439202109,14
P_B_8_NC015,Tomnaya,5.30384144812464,7
P_O_14_IC044,Microbus,26.8163022669273,14
P_O_14_IC095,Microbus,48.8620277283938,14
VG85-qS5arY-IxZ4UXiop,Microbus,19.7735207172101,14
HgOOTYudP9JvGMJLgyyjz,Microbus,5.67731159404264,14
P_O_14_IC079,Microbus,35.8309119186989,14
F-huxTOsiGcnkweRGwZg8,Minibus,23.8498824534998,33
P_O_14_CA116,Microbus,6.19723619233323,14
CTA_1128,Bus,31.8807772026473,49
CgY1MncbobepPdQSZZ9dl,Bus,16.1976211895829,49
P_O_14_GZ014,Microbus,8.85799801115137,14
P_O_14_GZ010,Microbus,4.17352366107597,14
P_O_14_IC057,Microbus,42.6602528898475,14
P_O_14_CA150,Microbus,1.94529088681841,14
P_O_14_IG015,Microbus,12.6703991992622,14
2eCfQDCqolqzBE6SOlWnJ,Microbus,5.18767508828104,14
P_O_14_IC023,Microbus,21.7668049174667,14
P_B_8_6O026,Tomnaya,7.68069850837508,7
BOX_6O022,Box,3.36231360477156,10
P_O_14_CA165,Microbus,0.852040223566335,14
P_O_14_CA049,Microbus,5.73754848436485,14
P_O_14_CA160,Microbus,24.8987936006794,14
3JpAdi2uPwMtPTnRK6Jyp,Minibus,18.1777508959595,33
P_O_14_CA084,Microbus,6.57629506172209,14
JlzozxxL918inEWQTu3iJ,Bus,19.9414781247227,49
P_O_14_CA154,Microbus,10.2309808834337,14
CTA_2,Bus,29.9707888553715,49
P_O_14_IC060,Microbus,42.6205717767628,14
ER0t9nxcaa0Md4Nm7r-oa,Minibus,18.309553565313,33
P_O_14_IG012,Microbus,8.85241174489914,14
P_O_14_QA006,Microbus,2.92966466472086,14
P_O_14_IG006,Microbus,37.626993079388,14
P_O_14_CA171,Microbus,24.9919075161313,14
P_O_14_IG036,Microbus,18.3787026830078,14
P_O_14_IC014,Microbus,60.1486421721011,14
yAI6yQ2LBxm7IO1KMcmR0,Microbus,3.35059715679212,14
P_B_8_6O027,Tomnaya,2.76398848452257,7
CTA_1081,Bus,34.1419099541036,49
P_O_14_GZ055,Microbus,5.72421130569827,14
P_O_14_GZ004,Microbus,8.06245871273343,14
tScPnAp_04aD4VwhGidx4,Microbus,50.1278873616142,14
bBGSiORySswlj4oOCxk3H,Microbus,69.5339037734957,14
CTA_1081,Bus,30.5882726700627,49
COOP_IG045,Minibus,15.0515802930938,33
wXzxv5mG6pJgRBElFDWcQ,Microbus,83.1633775336847,14
P_O_14_CA022,Microbus,4.05603919772128,14
QD4B-vIsagxeF82oSJvMs,Microbus,3.51458547468477,14
CTA_1150,Bus,39.8357738111405,49
M72HU9kmUJZ6FhQHG_GpP,Bus,13.5479281903744,49
BOX_6O023,Box,7.67565186326168,10
PBikgVF29mTLslC7tpYmN,Microbus,2.30716214869584,14
BOX_6O024,Box,3.21235562249392,10
tOuRwi8SSInQQJ7Kbq7O1,Microbus,14.2467890253223,14
P_O_14_IC038,Microbus,16.6122371465803,14
GxHvz209T3KnqSnTEacs-,Microbus,7.84252372412167,14
COOP_IC075,Minibus,32.7782244158202,33
CTA_321,Bus,10.2372377134029,49
BOX_6O016,Box,4.95935204225525,10
h2J_fjZiNjbt_8gzFSmzs,Microbus,17.7276265515554,14
P_O_14_CA067,Microbus,5.71997035536854,14
oBfdc8gljJblvRbAa0dmX,Microbus,4.75761785495581,14
P_O_14_CA117,Microbus,9.38836823795867,14
P_O_14_GZ057,Microbus,3.79800341104759,14
P_O_14_GZ021,Microbus,5.12967389320643,14
UqNUrY5nD-HVKa4Wl0Fi3,Microbus,7.57290002110577,14
P_O_14_CA017,Microbus,6.93049637527995,14
P_O_14_IC050,Microbus,12.8984356690797,14
P_O_14_CA174,Microbus,1.91951581552072,14
P_O_14_CA151,Microbus,26.0277038582393,14
P_O_14_IC020,Microbus,9.27797354269071,14
CTA_975,Bus,18.9384846425546,49
BJ5gu8S2fvtVIQNgi3LNC,Tomnaya,16.0216868936214,7
P_B_8_IC073,Tomnaya,24.7066286406783,7
CTA_M_302,Minibus,37.2244184091968,33
P_O_14_CA027,Microbus,5.04912746751374,14
F-oBh93OH6Ie4snCmxj8i,Microbus,5.85806415934985,14
P_O_14_CA159,Microbus,27.0604771453334,14
P_O_14_CA131,Microbus,28.6183285877519,14
CTA_531,Bus,13.3296464772182,49
P_O_14_CA025,Microbus,2.54286361202749,14
P_O_14_CA175,Microbus,7.56589375954362,14
P_O_14_SZ010,Microbus,1.95706071326112,14
CTA_1107,Bus,39.0140063131075,49
P_O_14_IC092,Microbus,29.3661962874046,14
P_B_8_NC013,Tomnaya,2.17885649304523,7
P_O_14_CA118,Microbus,2.63239819315223,14
P_O_14_IC047,Microbus,38.1213309684461,14
P_O_14_6O029,Microbus,3.32163489186297,14
P_O_14_IC066,Microbus,21.2282403733907,14
IYilQT6atGwqzRh7MNJHd,Minibus,20.4401478528622,33
IQBYLZyf_eGY8fK3WVcR0,Tomnaya,6.51421346297196,7
P_O_14_CA155,Microbus,23.4791431725512,14
P_O_14_GZ059,Microbus,30.2002053049199,14
COOP_GZ019,Minibus,8.94922952237063,33
f_ndpqhZbBLRF7rSyRerB,Microbus,13.8083765636063,14
P_O_14_IC021,Microbus,18.2954164219391,14
P_O_14_CA147,Microbus,2.70870068639433,14
COOP_IC042,Minibus,31.9120219971421,33
P_O_14_IG031,Microbus,14.1041609088465,14
COOP_IC042,Minibus,25.4300446986712,33
COOP_IC084,Minibus,48.5925984629684,33
COOP_IC083,Minibus,21.8152622719734,33
COOP_IG026,Minibus,38.793018470568,33
PtTt3WzbrwwaHofgpaVMj,Minibus,6.41995533941029,33
foiu6unw8p8KJnIDFM5Xs,Microbus,9.93943348439031,14
P_O_14_CA004,Microbus,6.13672934407805,14
COOP_IC077,Minibus,34.6723465924154,33
U12iA-JAJn3HecabkdSeW,Minibus,4.71304450881441,33
O__qyKz6kCZCjrNB-7OYX,Microbus,11.1271105646059,14
MM_M21,Bus,41.0991168736545,49
MM_M21,Bus,43.6116373435479,49
MM_618,Bus,47.4598188589127,49
uPQepJdL4bjoI0R7J9XKz,Bus,10.8513280716261,49
P_O_14_CA169,Microbus,18.0853212908787,14
COOP_IC077,Minibus,34.2888476187617,33
P_B_8_NC012,Tomnaya,9.29603737248502,7
EgKIe-2AnaMNxtDaRSfZi,Tomnaya,10.5766798676142,7
P_O_14_CA140,Microbus,11.5210206336836,14
r2vpERz_TL7ahX5F7dvh9,Bus,14.7829213078614,49
P_O_14_IG010,Microbus,6.35253624766242,14
bn1tRMyVcFLKoJ48jSDDC,Bus,9.93125501965644,49
PDlizFncn7JYVajF5DkR9,Microbus,4.68374840808076,14
P_O_14_CA005,Microbus,10.8974208941785,14
GKwSUuezWdV45Rd_Qtady,Microbus,11.2762608399413,14
BOX_6O003,Box,9.63253177071659,10
IYD6dwYtSHca6S9EV__lK,Microbus,6.31717518713689,14
CTA_1134,Bus,18.9214544447356,49
iDpD8dsATU1Rs0Mdtlwor,Microbus,6.43610948289358,14
P_O_14_IC003,Microbus,23.0061820292594,14
CTA_M_167,Minibus,31.9927057636241,33
P_O_14_CA129,Microbus,14.5347499823462,14
CTA_982,Bus,25.1357417407402,49
P_O_14_IG092,Microbus,21.9359345170482,14
MM_M11,Bus,33.4476726047316,49
EgKIe-2AnaMNxtDaRSfZi,Tomnaya,8.22215530918044,7
FBT0F0L0nZP2Z5ICmHls-,Microbus,8.2309696592164,14
P_O_14_IG010,Microbus,7.90609492682556,14
CTA_1140,Bus,20.5116297985363,49
P_O_14_IG089,Microbus,5.4119373320689,14
RSdIAdQiV_sN5aWHuOSsc,Microbus,2.78717047377964,14
P_O_14_CA112,Microbus,12.3954395390816,14
CTA_M_158,Minibus,23.0347342043377,33
G3SanxHficxx5Wx3Kfnn0,Microbus,17.5653153834274,14
P_O_14_IC056,Microbus,17.8797434708796,14
fwS4JbFtp5dtGtwMGqXBH,Microbus,11.7189361343772,14
P_O_14_IC003,Microbus,21.0771573864922,14
P_O_14_IC074,Microbus,41.5648595277344,14
CTA_342,Bus,17.060593394919,49
dGZEosc821pSF0MGiNb76,Microbus,4.62905672651204,14
P_O_14_GZ042,Microbus,16.3192754357582,14
P_O_14_IC020,Microbus,8.99050383150915,14
G78c4G-oy20XNbcMYCzxY,Microbus,5.31072741438766,14
P_O_14_CA159,Microbus,25.6950913384315,14
P_O_14_CA005,Microbus,10.7937577349697,14
P_O_14_IC059,Microbus,39.0379325189116,14
EbtM_hQ0jhsQyuGc5GCpz,Tomnaya,4.64109227020441,7
P_O_14_IC037,Microbus,33.4688317972872,14
P_O_14_IG031,Microbus,15.1087669144512,14
JyWtn3ABwFi8HtnOdZir3,Microbus,4.65625486903884,14
CTA_833,Bus,13.1975176240467,49
HZd1EesltJ445uu9I6wbH,Microbus,1.96411798951429,14
Eq5DUhwePKrivC_r5EyAz,Bus,13.9866507016021,49
P_O_14_IG073,Microbus,9.19541611992938,14
30QI2WFsvNrXncGOrD-Yl,Tomnaya,3.12971587116013,7
LpiM9b8bL-w2_OYYAi9OZ,Microbus,1.4085074555255,14
MfH-pfpTAl0OVRoWJgzRH,Bus,8.7214791869542,49
EN8O17ndwKGdqbV4Vemgm,Bus,22.2890223362312,49
P_O_14_CA115,Microbus,7.18129349641436,14
CTA_828,Bus,18.7555149521332,49
P_O_14_IG039,Microbus,9.48279997111837,14
CTA_1145,Bus,29.6543008141913,49
BOX_6O003,Box,8.12662380793057,10
P_O_14_IC076,Microbus,54.8946980479241,14
P_O_14_CA142,Microbus,37.9366409037432,14
P_O_14_CA160,Microbus,31.6727487734452,14
hdBN4uzpUjTGN0vKzf9kW,Microbus,5.53502392821471,14
aJY-YEz8s6i0ojLZgEitA,Microbus,9.31910434824613,14
P_B_8_GZ060,Tomnaya,11.3257643396456,7
OV9c3M2XEp7fizUlcqY26,Microbus,11.8476396402797,14
wefEKmjKPjq1ZbcWyQSwL,Tomnaya,4.00798237321295,7
P_O_14_IC068,Microbus,24.869579292515,14
CTA_M_142,Minibus,34.8013115123336,33
uW2y9jwwdAHo_waEy2qex,Microbus,11.0563299449476,14
P_O_14_IC001,Microbus,22.9589968014326,14
67VWfBwz-LVqC7OxaN5Cj,Microbus,6.00633713013574,14
P_O_14_6O021,Microbus,12.4698387270141,14
tChScy_qLlcoN-TeOox9G,Microbus,3.50962563137536,14
KmVdHOhRfUX8cw29qR_Vo,Tomnaya,5.01734588814534,7
8TSoqsVo41bExi7Jg16qQ,Microbus,8.53733800935469,14
rdpn6hzcA1xgiqwViabDy,Tomnaya,5.17735811220591,7
utymBvr8ZF897oTW9pDue,Bus,11.7083521297067,49
P_B_8_CA095,Tomnaya,2.2406627029962,7
P_O_14_IC004,Microbus,21.8079798154259,14
CTA_80,Bus,17.4613411299607,49
CTA_794,Bus,29.0691408318321,49
ejAVozyP784n-DqXuiW2U,Bus,10.0793252190685,49
P_O_14_CA084,Microbus,7.2612228948465,14
CTA_M_117,Minibus,31.4011687089742,33
aJY-YEz8s6i0ojLZgEitA,Microbus,7.93859944044152,14
P_O_14_CA130,Microbus,9.04656332452593,14
eZRgIovK0tJAVzmhR85GR,Microbus,12.8657444954893,14
P_O_14_IC050,Microbus,10.4056972353333,14
P_B_8_CA106,Tomnaya,1.76907990901104,7
6Qg43sT3Clqienri3AXm7,Microbus,22.1591850209272,14
P_B_8_CA106,Tomnaya,2.48944454635551,7
c9cUCbuNGMusHnHEIT34g,Bus,7.67093644831373,49
CTA_1148,Bus,24.8675232587746,49
CTA_1147,Bus,47.1387556953904,49
CTA_46,Bus,17.0509887374514,49
CTA_69,Bus,24.7006917315826,49
P_O_14_IG096,Microbus,9.12348569766576,14
P_O_14_IC100,Microbus,35.6453589357175,14
P_O_14_IG044,Microbus,3.7791338617004,14
COOP_GZ029,Minibus,14.8895668130214,33
P_O_14_IC089,Microbus,25.131662627681,14
CTA_31S,Bus,14.3032179373239,49
CTA_M_19,Minibus,33.2230097432193,33
CTA_82,Bus,6.42411948422724,49
P_O_14_IC002,Microbus,23.5488953041852,14
P_O_14_CA040,Microbus,5.10031244710395,14
COOP_IG048,Minibus,12.6510314250964,33
P_O_14_CA032,Microbus,2.63975854153386,14
CTA_1161,Bus,40.0049942504479,49
P_B_8_NC017,Tomnaya,4.88179648364079,7
P_O_14_SZ010,Microbus,10.3811964660605,14
P_O_14_IG056,Microbus,8.20815524507868,14
BOX_6O028,Box,6.70698736816892,10
P_O_14_IC071,Microbus,11.5939228433986,14
FBT0F0L0nZP2Z5ICmHls-,Microbus,8.84466516861519,14
P_O_14_IC013,Microbus,34.041351226262,14
P_O_14_IC034,Microbus,20.7669353220823,14
P_O_14_CA155,Microbus,22.1871814909801,14
tywNfVmg7Vw0gAzy8NLvu,Microbus,29.6691787698735,14
wt6gx-bxKC-Iyl7o604Vq,Microbus,50.5871563915056,14
22jIZH2MmWm88pZ3MORG_,Microbus,48.4738791335316,14
LneRsrKsi5-xujQOkQX66,Microbus,45.5691164714095,14
CTA_69,Bus,28.3726693789046,49
aLrT5j0aQaI9mR_I4nxYy,Microbus,7.65195080406959,14
-VhmbIy80una-3ZcYAtuQ,Microbus,4.07228944487558,14
0mQ8cT0ZE81ogwfFKHdrc,Minibus,18.7968551685884,33
m9IKw8bdVfTvbKv5OgLgV,Microbus,3.70506527134535,14
30QI2WFsvNrXncGOrD-Yl,Tomnaya,4.37056480111089,7
wXzxv5mG6pJgRBElFDWcQ,Microbus,73.5526498823959,14
lERFh__deEcw2uO7KdOxv,Microbus,8.05579067851282,14
CTA_250,Bus,11.0820517285448,49
P_O_14_IC018,Microbus,38.7641429263574,14
CTA_910,Bus,24.3883548325676,49
P_O_14_CA011,Microbus,8.44234530838648,14
49Lt1kKFfGCSPZKc8R4LQ,Microbus,69.5722152911719,14
bBGSiORySswlj4oOCxk3H,Microbus,72.115357544062,14
jZkmaAxA5oIPfa38GBCb4,Microbus,32.4938724188247,14
egjPD6593CKn95Mk98b1K,Minibus,16.1700981949971,33
u02rskAm9s9jHxaOs9NhQ,Bus,18.0759736941808,49
OV9c3M2XEp7fizUlcqY26,Microbus,15.0643106502297,14
MXkuS2j7tp4MjRSbo-Q6f,Microbus,3.6268999500598,14
22jIZH2MmWm88pZ3MORG_,Microbus,50.48945985779,14
CTA_1144,Bus,17.1695223394774,49
CTA_970-1051,Bus,26.2963607938847,49
wt6gx-bxKC-Iyl7o604Vq,Microbus,49.7609201428685,14
CTA_915,Bus,17.2529783698158,49
P_O_14_6O021,Microbus,11.2440584609649,14
P_O_14_IG082,Microbus,2.36769992980716,14
DbgUPH8AHAnBT59Ux_FrC,Bus,17.8449158843685,49
iPmb6Kx9epuWwMHetjCnF,Microbus,22.9839486685465,14
CTA_1009,Bus,23.6862866621612,49
P_O_14_CA081,Microbus,9.04513910709133,14
CTA_M_158,Minibus,23.453472825623,33
CTA_1078,Bus,44.2593351456816,49
Ci3EuISJ24C8rXJIGK05p,Microbus,13.4968781524496,14
P_O_14_IG060,Microbus,6.22442210773766,14
CTA_1123,Bus,17.3192866209115,49
P_O_14_IC063,Microbus,42.2133717039282,14
P_O_14_CA097,Microbus,3.83969235990074,14
CTA_507,Bus,28.5582611496782,49
P_O_14_CA162,Microbus,5.19517775341232,14
BamKiGYQ3P_xZETsNX1a5,Microbus,7.71891641688156,14
P_O_14_CA019,Microbus,3.17046851041401,14
2eCfQDCqolqzBE6SOlWnJ,Microbus,4.72813748965574,14
Y-YHy-wjklAYFa_6LghGz,Bus,24.0458257299894,49
P_O_14_IG024,Microbus,29.2992118158999,14
ADJZbj6QAtiHt8lqBibnV,Minibus,20.5286850043997,33
lXqxNN6vXSyk0IYiGiSVf,Microbus,4.38658345085666,14
P_B_8_6O017,Tomnaya,13.6617862346128,7
8RI-aNmJq8pcth5IxMf8T,Microbus,10.2769100547835,14
CTA_99SS,Bus,14.0245564221312,49
P_O_14_CA072,Microbus,17.522458629655,14
P_O_14_IG022,Microbus,22.9210240652263,14
CTA_1,Bus,39.0487035046053,49
n12_wD90lp64_mH8N3fRH,Microbus,3.75806182626333,14
Tpa0A12goEVH-sdvNU4pa,Bus,17.2805845322725,49
Vdn0kVuba4a9LxwlhEGiJ,Bus,11.8450429921591,49
PBikgVF29mTLslC7tpYmN,Microbus,3.74279707732954,14
zB2dG9TMv7AhP64pVaI2B,Microbus,2.18174477313674,14
X58kvJ659-Gn2oLWjTaD4,Microbus,64.1714801240858,14
-VhmbIy80una-3ZcYAtuQ,Microbus,3.85740156453773,14
P_O_14_IC086,Microbus,27.5203680773862,14
P_O_14_CA077,Microbus,12.1601287583095,14
NUilWKiUS6Kx6c0X5hCYF,Microbus,6.46536991672257,14
OOILmjleFc1XPBnUjoK58,Microbus,4.08526963555639,14
P_B_8_6O010,Tomnaya,8.41408981223623,7
P_B_8_6O012,Tomnaya,4.76556304510316,7
P_O_14_IG034,Microbus,20.2438722917682,14
P_O_14_IC043,Microbus,32.0615028558038,14
P_O_14_IC007,Microbus,28.4748010932969,14
EbtM_hQ0jhsQyuGc5GCpz,Tomnaya,5.0195364860866,7
dZLGvivIWt6t7VSFtbMB9,Bus,16.2161093624658,49
HRKfVI0GjLKHq6o9ulFba,Microbus,3.59683480177442,14
j7UPthklnvwZzR-_G5yRe,Minibus,17.6217745110617,33
h8hJSqxjvR_DV1rkw2S5k,Microbus,7.43910069072135,14
eMaHcYlisvFxLtiCbDGRM,Bus,12.1647774429655,49
MfH-pfpTAl0OVRoWJgzRH,Bus,9.32521619940525,49
yAI6yQ2LBxm7IO1KMcmR0,Microbus,3.06854618380901,14
ZqF0hj3CyZzVwb8YwhrN3,Microbus,11.9247209179335,14
oVLz5uMkzuzBcOtlii3MM,Microbus,3.76809013213966,14
6snbHgT_od7Wcobjy2M68,Bus,23.0149308465839,49
k_9mWTTJJol46IWykMhrV,Microbus,7.46312323854211,14
RSdIAdQiV_sN5aWHuOSsc,Microbus,2.57173280276393,14
vvE6l7VzFeki_7IJpH25B,Bus,15.4734724344535,49
AkZ8btBfGZichKXXhgGwM,Microbus,19.1560012196118,14
bn1tRMyVcFLKoJ48jSDDC,Bus,9.75669198733033,49
MUrGLjBAM0T83fv3U3Mqa,Microbus,8.95335397623376,14
m9IKw8bdVfTvbKv5OgLgV,Microbus,3.75702283194471,14
db_dOwMf5RFl45eluXu_7,Bus,13.0574603254264,49
iCZTu5NQScawKNksGO9uH,Microbus,7.31133450533891,14
P_O_14_IG065,Microbus,7.00186375102632,14
CTA_204,Bus,16.3461293723535,49
Rh-QBHyvCmHYpwBY-voEg,Microbus,4.30935187210925,14
P_O_14_IG012,Microbus,8.01766116902935,14
P_O_14_IC005,Microbus,3.39376882516512,14
fhoRkkZP1LuBccGcQ-lPf,Microbus,1.60563869088095,14
PtTt3WzbrwwaHofgpaVMj,Minibus,7.44645309629729,33
P_O_14_CA071,Microbus,2.03226210205514,14
BOX_6O024,Box,6.55408573211487,10
NUilWKiUS6Kx6c0X5hCYF,Microbus,5.03583227708105,14
189igEKLGNwIUDl8gfOwh,Microbus,17.5188163054862,14
P_O_14_GZ030,Microbus,14.3738412284702,14
UYpQshWZml8TRw8pbOOWx,Tomnaya,4.67100684503873,7
P_O_14_GZ026,Microbus,8.92215594729597,14
P_O_14_GZ048,Microbus,2.75065642900098,14
SijHB3MvvH7y5f_lh6hO3,Microbus,3.91597558448986,14
BOX_6O002,Box,8.08772216452514,10
P_O_14_CA120,Microbus,4.82436905816945,14
CTA_99SS,Bus,12.9567467248787,49
XHoe5oRTlC1Ihm0e712t_,Microbus,4.8614847177202,14
j0B0wGsqFxUkOptBjcLvx,Minibus,19.6984551426956,33
5v34MuGjLYA0AFM7dhCCE,Bus,16.6505202084648,49
P_O_14_IC028,Microbus,15.6703563785818,14
G78c4G-oy20XNbcMYCzxY,Microbus,4.97274503373176,14
P_O_14_IC053,Microbus,15.8061381758588,14
Fuoze4mwamBt6aoqW-wJH,Microbus,4.30996775546971,14
pVHOF8IJskNhngPjJTJY5,Microbus,5.71780461420878,14
UydKv2gM1kSDyx7u4jZIV,Bus,11.4261019175789,49
eZRgIovK0tJAVzmhR85GR,Microbus,14.5071417167049,14
kv8R2uui-Di2K3gVwZO78,Microbus,16.0420067950535,14
P_O_14_IC056,Microbus,19.8891230520022,14
Ml8Z5Ycxg-taVluDdj9eh,Bus,21.4440674270153,49
8RzwcHgdiBJrQow3-bGIj,Microbus,5.56510164724489,14
lnb3vDxVc9ZLbejDbwGIm,Bus,18.5447298297788,49
P_O_14_IC092,Microbus,32.2255448649148,14
yjnyYheH7FsPkAk-gppMs,Microbus,7.32499778907548,14
24kdxuuUjA0qtjg6P-OPh,Bus,17.9979797911056,49
-lI1f278TKfnCnumdD48V,Microbus,1.85409991175653,14
kBtm-qZ0NnQ1idoAL_yfA,Bus,15.9955509898135,49
mwUKKpciQEKn_H2kOT4BD,Microbus,4.83437627835295,14
P_O_14_CA090,Microbus,13.6153830398992,14
P_O_14_IG020,Microbus,3.40533259902181,14
vPxZODNW0MlX1OZFVTl8e,Microbus,13.1803024970244,14
t-VkUnvixIVORTzsevcAZ,Bus,9.82321029325198,49
8X8gLBYp6o4Z9Dc0_MySn,Microbus,15.6653002902122,14
ldy3O2UlQPWYA4Jj8vJgN,Bus,13.8273519361934,49
fI_k2RnEr3Kvx-feFgZpe,Microbus,14.5411014384219,14
ivXdrHhB3_jqwPHGsvb9r,Microbus,4.66983864101161,14
4P_RC_FgHuWtFC8yoCbgz,Bus,20.4067127634547,49
lXqxNN6vXSyk0IYiGiSVf,Microbus,4.53434263599794,14
UkiuAl8JoV2LRVvfwCXZF,Minibus,19.1939273972212,33
CT0zYWqMQPGAbKnQfzLyJ,Bus,16.8301511803947,49
COOP_GZ009,Minibus,4.87108988577965,33
P_O_14_CA030,Microbus,3.10253186378857,14
P_B_8_6O020,Tomnaya,14.1485325175285,7
79A4DBdhOZXDQqFQNdq_5,Tomnaya,9.84771433873685,7
P_O_14_IC045,Microbus,9.65975547678157,14
COOP_GZ028,Minibus,4.69220654650591,33
ne9Df9bfGqa0RrCaPqNTA,Microbus,10.5910138325677,14
IcpqTJSZNZXngGCgzW0-u,Microbus,6.16827790892701,14
2nunj7L0d16GI8GHhNASo,Microbus,26.568549036273,14
P_O_14_CA082,Microbus,7.48304226103038,14
zRAXMgMRMVRhmAULPLo0R,Microbus,3.08790676757942,14
a857emSd0Eg9_C49Uly1i,Microbus,30.1025027312255,14
blJ-Wh52qAtvzY4CZegdj,Microbus,3.70395423383609,14
XXk6QOM27EiINNJVOjcue,Minibus,17.0762244639906,33
P_O_14_IC091,Microbus,30.8762727699949,14
P_O_14_CA119,Microbus,5.42768644856018,14
P_B_8_NC002,Tomnaya,3.49526226600326,7
P_O_14_CA053,Microbus,3.51963011493662,14
P_O_14_GZ018,Microbus,13.9397559788179,14
COOP_QA007,Minibus,10.9733255321439,33
CTA_31S,Bus,15.8386844304688,49
dZLGvivIWt6t7VSFtbMB9,Bus,15.3384353271028,49
dbjKnrgfrSA1JY3LJPYuQ,Microbus,11.3495057468392,14
21kZwsX6wTR98GRcou2yw,Bus,18.2100003735601,49
P_O_14_IC082,Microbus,24.4721913061946,14
dbjKnrgfrSA1JY3LJPYuQ,Microbus,12.2508167275295,14
yiVgiNyYpe2oH4ZTN0Baq,Microbus,19.9262653511386,14
GXDzdgrpKw9Tm5MLKMFPP,Microbus,8.25110531357004,14
QORyzDKyscDKk9XRt8ZYZ,Microbus,6.30499076749896,14
GxHvz209T3KnqSnTEacs-,Microbus,7.65494504166472,14
CTA_104S,Bus,10.9512372494723,49
yjnyYheH7FsPkAk-gppMs,Microbus,6.83041443051664,14
KmVdHOhRfUX8cw29qR_Vo,Tomnaya,4.98453887374603,7
P_O_14_CA164,Microbus,7.93315560536733,14
6K4_YEnZjlrZGldv7Yl2T,Microbus,6.79605760765937,14
rN_2eW65vTEH6zLEx4HC1,Microbus,8.55699009036466,14
P_O_14_GZ017,Microbus,11.4790324130228,14
xniqp9cSgkWVk0k63CbZl,Bus,17.4087879541302,49
COOP_IG081,Minibus,16.9677771263611,33
HRKfVI0GjLKHq6o9ulFba,Microbus,4.54347597860871,14
3WAtjq7S69P9s8WhLOr4f,Bus,21.6786548397309,49
YlvolLQ1uzaw8eiT89HI2,Bus,14.8852857542986,49
T9Z1u1IkkEycKE6B_nakJ,Microbus,4.82133244408511,14
MSR_Ms4,Minibus,38.9956975398083,33
P_B_8_IC068,Tomnaya,24.0770326245348,7
P_O_14_IG084,Microbus,8.54177592429146,14
P_B_8_6O019,Tomnaya,2.08840648639915,7
eMaHcYlisvFxLtiCbDGRM,Bus,11.8854976007237,49
blJ-Wh52qAtvzY4CZegdj,Microbus,4.43347038352708,14
w9djMYsSD5gf7qz9VLvjn,Microbus,13.8394523543645,14
e1xAb2o6cgzGY9iNvA5aG,Microbus,33.1753681793018,14
oBfdc8gljJblvRbAa0dmX,Microbus,4.88709444814159,14
BamKiGYQ3P_xZETsNX1a5,Microbus,9.91046549248266,14
h7v0GKemY5eE-eh4q1KCJ,Bus,19.8601948353142,49
pVHOF8IJskNhngPjJTJY5,Microbus,5.83962181360578,14
P_O_14_IG057,Microbus,16.7778837510998,14
P_O_14_CA108,Microbus,5.40393686313078,14
CTA_1108,Bus,21.8276625395903,49
YiqckBVvySeTMxSuhIb93,Microbus,13.9075461588486,14
BOX_6O023,Box,3.54391119211198,10
dM98F5uCHLC-eVa5-BvJZ,Microbus,18.5078775910684,14
YOUm7rdzNVY6LFG9JKpHr,Microbus,16.8071967546915,14
QeibrVPEcAQDuGbYNqK3W,Microbus,2.41733249908048,14
CTA_828,Bus,18.3059462848191,49
P_O_14_IC004,Microbus,22.5505619684532,14
CTA_1162,Bus,31.6820279873928,49
CTA_1162,Bus,30.6827147439391,49
zhdTDeTPdK8yAT1I8NTLw,Bus,13.0657311894835,49
CTA_1147,Bus,46.2158509286861,49
CTA_83,Bus,21.1075476590625,49
67VWfBwz-LVqC7OxaN5Cj,Microbus,6.31481429441167,14
deuSL4GElipbqZ1Ys9lLE,Bus,14.0502112776768,49
fKnTlCkWALIgjxXU63NNV,Microbus,7.78390576103275,14
vvE6l7VzFeki_7IJpH25B,Bus,15.1910694661401,49
eNaYFATGV4nFM2ODEQGb5,Microbus,7.93950203061014,14
GXDzdgrpKw9Tm5MLKMFPP,Microbus,6.71480756581343,14
CTA_580,Bus,16.5024339355318,49
COOP_IG069,Minibus,12.1218479894722,33
dOSjy2LRc3erAam81oIco,Microbus,9.66131733167973,14
3waGFbKHjbGyHsGw8XnY4,Microbus,27.0346418965912,14
MM_111,Bus,21.3615515614454,49
P_O_14_CA086,Microbus,12.6749077857246,14
a4gnGzOuEjFFXiOYfTYg9,Bus,19.3362753622654,49
Sw7KMUZPTGb_ZDHt4D-yr,Minibus,17.6414602642913,33
7K3l-wUpwMqCltVD6bzOd,Minibus,9.49604476560965,33
P_O_14_CA089,Microbus,9.94199742637627,14
P_O_14_CA031,Microbus,3.36975872294349,14
VjYEpD99WGuBFvH5Dw-gV,Bus,15.7771373207321,49
rumnfrVLyA8ZA3JpTI5Ef,Bus,18.0006172685538,49
9HZEMuRNsQzN9flynqhET,Microbus,6.65348569397234,14
AsoLzlPVywndjqDIeorpb,Microbus,16.2704265521945,14
mVQ0zufyJ93lZbi9DOTdP,Microbus,12.2999129639949,14
czcD_GDbPM3RYT-b_E4GE,Microbus,3.22027309227216,14
X7OUnQkaUhlNHC3RmAKjb,Microbus,11.3447394870173,14
KZbzaf9cmgAB7KuFCo1MM,Minibus,25.5312440653894,33
8TSoqsVo41bExi7Jg16qQ,Microbus,7.51838250492178,14
RNWAMpjdKYvRHnfD_wR27,Bus,11.7252822179551,49
9j2ux9o5-KraQgcDFxC0H,Bus,24.2855936368644,49
P_O_14_6O029,Microbus,2.90101081937498,14
GT_lXm70bMWn54RrTwB2R,Microbus,15.1204040688968,14
P_B_8_6O017,Tomnaya,16.8574711268719,7
kchlu_YSoCWiXIfcmzM2n,Microbus,21.206864020127,14
26Q9q9X6pYG2gBMg7IWKk,Microbus,22.4311658882648,14
hnRdMePAiavyLNXrgXpgd,Microbus,4.56547030803567,14
GT_lXm70bMWn54RrTwB2R,Microbus,13.8931173509842,14
Zl9qxNlqnCCOTNhz07iZt,Microbus,8.04048352599161,14
RsaOPeERsjGuuC6Q-S_FU,Minibus,7.0659036591115,33
79A4DBdhOZXDQqFQNdq_5,Tomnaya,9.63886652412846,7
Dnad46KxSgtz6WrdlQUHY,Tomnaya,14.6437086277784,7
26Q9q9X6pYG2gBMg7IWKk,Microbus,16.6787221876821,14
fhoRkkZP1LuBccGcQ-lPf,Microbus,1.65039533705668,14
COOP_IG081,Minibus,15.1532263389848,33
P_O_14_CA002,Microbus,7.70125997283575,14
1hy6BzswcfezL07nZtvGZ,Microbus,7.72394229824909,14
P_O_14_IC068,Microbus,23.0356029018128,14
jH8jIzX99Uq4NH-UZS5XF,Microbus,12.5242059876908,14
4E_NzHWE6SBBt9WiSwera,Microbus,44.2730736963712,14
FI3sY62cvzwcF6qpLJTuV,Microbus,11.023045608627,14
dJf-9v2Gx-4ypC7DPKMUc,Bus,13.6940674673821,49
EdxCXX3s8ILq_VMt8162G,Microbus,7.93581006384356,14
lERFh__deEcw2uO7KdOxv,Microbus,8.98019733537799,14
wMjyQ7gRXkx7VXHzsFwCf,Microbus,4.17902719312097,14
VjYEpD99WGuBFvH5Dw-gV,Bus,15.3443738942389,49
ijoblexYmIYN_Bo_iD_Wg,Bus,16.7887496570492,49
YC8mSQwzG7-Amd9rDuPR1,Microbus,5.20700309023184,14
9JtrrWplRidMq_w6-6Bs8,Microbus,8.75901199294996,14
aWV3f3TuFNL4Wo6tZP7KU,Bus,20.6342194770571,49
bPAOgrQbVCQOI58hPq8M2,Minibus,26.3958742080788,33
DClfXOL0aW73BQGJeM5yZ,Microbus,19.7597804883687,14
miikEkLkL-jQKBoSrb6mE,Microbus,1.23249004232805,14
pHXU8x5lS5GcVfRS1nUfp,Minibus,21.515266573592,33
r2vpERz_TL7ahX5F7dvh9,Bus,16.0858137947165,49
A7O-x1J3WidCSxnV85H0s,Tomnaya,3.69515892821706,7
AK9Xq6-wtWH9sbUvuMUdZ,Minibus,20.3635952688192,33
TpYarSDEAgegRqTp_xFUV,Microbus,27.7024999241404,14
ETX2nqBxCzv_fCv4LLihL,Microbus,8.84661448023334,14
Plpoxm6EKpqHluA67UbO1,Bus,18.715094649917,49
XJQVWOM0aIFhA0CTFaprI,Microbus,28.5231439682798,14
-lI1f278TKfnCnumdD48V,Microbus,1.77909618527353,14
P_B_8_CA097,Tomnaya,3.77932050922844,7
1ZbDBsUQUJRub7iZYmHFI,Microbus,2.24744730531446,14
P_O_14_CA167,Microbus,22.193698895487,14
P_B_8_6O001,Tomnaya,4.77918779980775,7
P_B_8_6O010,Tomnaya,7.67186793832494,7
COOP_IG064,Minibus,4.57289605609704,33
15BSVKWwvsIQTR_rWUxzo,Minibus,17.8457531312534,33
CTA_104S,Bus,9.19400116100814,49
FCAAr3fes-LcOKbkahMq-,Microbus,8.65364528011379,14
ORbU8y-2u8NYD8VDwA_c2,Bus,15.067293294899,49
4cp78uINFpGWUO3lvHpAX,Microbus,9.07734217593612,14
deuSL4GElipbqZ1Ys9lLE,Bus,13.0197965201047,49
ghUS4XUgfmpDNLCwwFfTq,Bus,18.7160031605967,49
vffeFh9VQdtrf4m7w-fNP,Bus,13.0138187758325,49
DbG-wNqeP6sqp4PmEoB9c,Bus,14.0238371873823,49
YOeG87a61PuMMNWtTAVCS,Bus,15.7285863341295,49
jAkc2JP8TWQ7cm1sx3V2V,Minibus,13.3124081364827,33
whPhZJOh0ITe1RuUOEZX2,Bus,10.6220929835491,49
YlvolLQ1uzaw8eiT89HI2,Bus,15.0394933083688,49
XHoe5oRTlC1Ihm0e712t_,Microbus,6.77961497236171,14
ORbU8y-2u8NYD8VDwA_c2,Bus,15.5750519260177,49
vzaclNhp7UH-JW9CUKVZf,Bus,18.2821088771344,49
XEvmtqv39IKsFQIslODQ_,Microbus,7.70956173609737,14
Y2QwurrDMngNWrnsgPUTv,Microbus,2.90624129247425,14
0A3pcPjwLEpq7hwveYoyO,Microbus,10.7951112200036,14
vzaclNhp7UH-JW9CUKVZf,Bus,17.4503007257955,49
AraWFRXUDKxtJaQwJRzX3,Bus,15.8100795105593,49
GZtwE0__sVe5sfdM8Hq45,Microbus,5.35657117493138,14
krefFO7pEgU4JkYMwWveO,Microbus,21.3211469263144,14
6rjmU4VqdB1ooUUa9jZiN,Minibus,35.628719238632,33
UfIjTN8B9qEE30WQYajlo,Minibus,26.4742350891404,33
B31s4JolfJ0z-HLdNoXCR,Bus,15.8214984696729,49
NQ9Wqx8QvnYzPFWEsHHiM,Tomnaya,26.4888121109623,7
AraWFRXUDKxtJaQwJRzX3,Bus,17.640785675343,49
P_O_14_CA086,Microbus,11.6103422407494,14
c9cUCbuNGMusHnHEIT34g,Bus,8.26844474494048,49
YOeG87a61PuMMNWtTAVCS,Bus,16.2053480762897,49
YIHTQhZhY68hR2EQjvlF-,Bus,18.084890061934,49
3Yvct3Jc-AgCLWnx8iJb-,Microbus,6.57712780624499,14
Z2RSwdOqb-nYzFdq9dXUL,Microbus,9.13136124383398,14
K1dlRvEAwUViQaG-pJKjN,Tomnaya,7.54577888854169,7
kchlu_YSoCWiXIfcmzM2n,Microbus,17.2378262123137,14
aPqU-5Zq_31ywCFAxL2wE,Microbus,11.2647664906808,14
CTA_532,Bus,12.9063375385919,49
Zl9qxNlqnCCOTNhz07iZt,Microbus,9.28302874331744,14
P_O_14_IG018,Microbus,9.11405041320232,14
P_O_14_CA047,Microbus,8.45619008364942,14
P_O_14_IC039,Microbus,10.8513610412232,14
CTA_103-1094,Bus,12.414623655154,49
P_B_8_IC068,Tomnaya,22.784669981449,7
CTA_1136,Bus,31.5596670096761,49
P_B_8_IC067,Tomnaya,20.6861804117413,7
YyMVnpFACm_b2uotE7GjR,Microbus,15.9384870711752,14
P_O_14_CA130,Microbus,13.7261903135762,14
P_O_14_IG015,Microbus,12.6633433413575,14
X7OUnQkaUhlNHC3RmAKjb,Microbus,10.9017806498531,14
P_B_8_NC005,Tomnaya,10.1783834581016,7
U1qTC-v8kA9-Rkit2YfDm,Microbus,5.30896633540192,14
JyWtn3ABwFi8HtnOdZir3,Microbus,4.63867013149422,14
P_O_14_CA087,Microbus,14.9587453494318,14
hnRdMePAiavyLNXrgXpgd,Microbus,5.58837804331569,14
CTA_306,Bus,17.1979539001716,49
CTA_3G,Bus,9.8605781016973,49
AsoLzlPVywndjqDIeorpb,Microbus,14.6606031025724,14
P_O_14_CA119,Microbus,5.14195703941885,14
P_O_14_IG083,Microbus,5.79821807381755,14
CTA_24T,Bus,15.5081165439049,49
P_B_8_IC073,Tomnaya,24.6920999803547,7
CTA_15,Bus,10.1159083128103,49
CTA_26T,Bus,11.0779486924889,49
P_O_14_CA092,Microbus,24.9112805876485,14
P_O_14_CA081,Microbus,14.1780462655637,14
P_O_14_CA088,Microbus,11.0654423525893,14
AsBiwEEcVj3jrx8lh9jms,Bus,13.0214160714919,49
P_O_14_IC085,Microbus,17.1444154873391,14
CTA_1087,Bus,27.125587644834,49
P_O_14_IC005,Microbus,5.31850310617639,14
P_O_14_CA009,Microbus,3.60631907682726,14
P_O_14_CA117,Microbus,7.13839168052661,14
P_O_14_GZ030,Microbus,7.50459776115608,14
P_O_14_IG092,Microbus,21.8089689695297,14
P_O_14_CA063,Microbus,13.1059575501855,14
BOX_6O004,Box,4.44587652606401,10
COOP_IC044,Minibus,26.5173032718537,33
P_O_14_IG028,Microbus,17.2800195642727,14
P_O_14_QA006,Microbus,2.93001825744866,14
CTA_568,Bus,9.80062746510472,49
CTA_318,Bus,6.64861937390072,49
P_O_14_GZ055,Microbus,5.81380964645877,14
P_B_8_CA046,Tomnaya,1.04012691341813,7
ZqF0hj3CyZzVwb8YwhrN3,Microbus,13.5988409184618,14
P_O_14_CA088,Microbus,11.6555491845896,14
P_O_14_CA085,Microbus,8.80009965934276,14
P_B_8_6O012,Tomnaya,4.76779166597278,7
P_O_14_CA163,Microbus,19.2542730380387,14
P_O_14_IG034,Microbus,19.4913190341984,14
P_O_14_IG027,Microbus,23.52184468778,14
P_B_8_NC011,Tomnaya,6.85864132297998,7
P_O_14_GZ049,Microbus,5.52301504435798,14
P_O_14_IC090,Microbus,29.1735332047231,14
ezg_t81DPrRfiBGLI9GbE,Microbus,4.48800119393978,14
P_O_14_IC072,Microbus,11.5201564896267,14
P_O_14_GZ042,Microbus,16.952995576041,14
P_B_8_SZ006,Tomnaya,8.93265998447669,7
BOX_6O002,Box,7.20044798613557,10
P_O_14_CA154,Microbus,9.91977326961171,14
P_O_14_IG088,Microbus,14.9511570268499,14
dJf-9v2Gx-4ypC7DPKMUc,Bus,13.8802774249436,49
P_B_8_IC052,Tomnaya,12.7419055607772,7
P_O_14_CA067,Microbus,4.76006400513846,14
P_B_8_6O025,Tomnaya,11.1121244738437,7
7K3l-wUpwMqCltVD6bzOd,Minibus,9.16061532359341,33
CTA_531,Bus,11.7298802926356,49
P_B_8_IC070,Tomnaya,5.00814593942709,7
P_O_14_CA097,Microbus,6.91035041912075,14
P_O_14_CA118,Microbus,2.24974854921679,14
P_O_14_GZ022,Microbus,8.65692692615134,14
P_O_14_CA139,Microbus,6.77207130978918,14
P_O_14_IC049,Microbus,8.80320294524628,14
P_O_14_GZ033,Microbus,3.80822611422102,14
CTA_970-1051,Bus,27.7280517946038,49
COOP_IC065,Minibus,27.4364375395124,33
P_O_14_IC028,Microbus,12.3305612151349,14
P_O_14_CA009,Microbus,3.49950817679453,14
P_O_14_GZ037,Microbus,7.43357804416456,14
MM_NS7,Bus,46.9059067358982,49
P_B_8_6O001,Tomnaya,4.07332763224896,7
P_O_14_CA175,Microbus,7.86633516852538,14
P_B_8_GZ015,Tomnaya,8.26370116859393,7
Fuoze4mwamBt6aoqW-wJH,Microbus,3.93456353618054,14
CTA_568,Bus,9.29095848854293,49
P_O_14_CA146,Microbus,3.43466620438123,14
P_O_14_IC040,Microbus,29.347212818918,14
P_O_14_GZ035,Microbus,14.5655550377584,14
P_O_14_CA083,Microbus,11.0115743666622,14
P_B_8_GZ047,Tomnaya,6.09761969489725,7
P_B_8_6O020,Tomnaya,16.6580243312209,7
P_O_14_CA156,Microbus,11.2328746850085,14
COOP_IG045,Minibus,14.4384322598466,33
P_O_14_IC029,Microbus,14.8872237326024,14
P_O_14_CA164,Microbus,9.17490417767144,14
P_O_14_CA061,Microbus,3.82862765467331,14
P_O_14_CA058,Microbus,6.20719462089431,14
P_B_8_6O015,Tomnaya,5.63665143977727,7
CTA_80,Bus,17.2224819587313,49
CTA_250,Bus,8.58516035352832,49
P_O_14_CA032,Microbus,2.8776561387073,14
CTA_318,Bus,10.4992428581012,49
COOP_GZ062,Minibus,6.1454166809072,33
P_O_14_IG028,Microbus,15.9809336406199,14
P_O_14_GZ024,Microbus,2.79649465029649,14
CTA_914,Bus,13.6468194650126,49
CTA_580,Bus,16.4411142843936,49
P_O_14_CA109,Microbus,16.8260358098725,14
P_O_14_IC079,Microbus,35.9102633787506,14
P_O_14_CA066,Microbus,2.64104263522441,14
P_O_14_IC082,Microbus,26.5984720535363,14
CTA_24T,Bus,11.4845233826688,49
OXsaA6ch0zWJIr-wsnU3M,Microbus,9.33567818823106,14
P_O_14_CA173,Microbus,9.1799915439219,14
CTA_833,Bus,15.2113170451777,49
P_O_14_IG039,Microbus,10.011088665002,14
P_B_8_CA149,Tomnaya,5.74646023417639,7
COOP_QA001,Minibus,9.37078933938482,33
CTA_103-1094,Bus,13.4933824106073,49
P_O_14_CA006,Microbus,7.88573084701736,14
P_O_14_IC041,Microbus,16.1086724172689,14
P_O_14_IC040,Microbus,29.1111115543464,14
P_O_14_GZ043,Microbus,18.9477857062441,14
P_O_14_GZ022,Microbus,14.2724227890996,14
P_B_8_IC067,Tomnaya,21.881745675777,7
P_O_14_CA002,Microbus,7.70724306478562,14
P_O_14_IG083,Microbus,4.7337710810921,14
P_O_14_IG061,Microbus,6.63708140639141,14
C6RjvuOaE6Jy7WRZtUxaM,Bus,14.9616725214846,49
COOP_IG048,Minibus,12.0644095142261,33
MSR_Ms4,Minibus,35.8456605048201,33
GRN_G2,Bus,43.8048448282151,49
GRN_G1,Bus,45.5616101940827,49
d-Goa1xpnuFiRnI_5i9Uy,Minibus,11.2255621454453,33
P_O_14_IG090,Microbus,29.1631277910572,14
P_O_14_CA092,Microbus,23.8234625329067,14
P_O_14_IC066,Microbus,16.7510059290887,14
CTA_130,Bus,14.6800182663863,49
CTA_130,Bus,15.1470729211268,49
CTA_65,Bus,24.8089862284888,49
MM_NS7,Bus,46.364970078623,49
CTA_67,Bus,15.3880491579112,49
CTA_73,Bus,12.6677461620959,49
CTA_67,Bus,15.0577785527286,49
MM_M8,Bus,41.2660908796971,49
CTA_73,Bus,9.83379377611755,49
ioDO0LtWeYfrWrZ16TFr5,Minibus,28.4382743362283,33
ryPRB8CSZ4RJjvfbdXDC1,Bus,28.2634818330292,49
8e41N39_w9qPLPFGgB8Hq,Minibus,21.0441926181565,33
JlzozxxL918inEWQTu3iJ,Bus,18.9828989952945,49
mVZQtFYsUCVuagT7jiTQ-,Minibus,28.2564171386142,33
mNM0sR-uI_A_mqV5u7U0n,Bus,15.8923644197183,49
avm32oXuwPxCT17sZkBf2,Bus,21.8782226999936,49
zhdTDeTPdK8yAT1I8NTLw,Bus,14.332658276177,49
P_O_14_GZ059,Microbus,30.2502549441864,14
9vBFhlX-T17hM_HD2xuxr,Bus,26.8361327341906,49
mNM0sR-uI_A_mqV5u7U0n,Bus,16.5013066213426,49
y2pNkYKdwmq-DYYWpGD5I,Minibus,22.8315213374185,33
r3Rn-Eht_A27WHh3b8Zn0,Microbus,11.9977822263939,14
hXNe26POoDE0MSAUxW0W_,Minibus,21.2202517036555,33
IMRynqA53QmU-orlgoLIj,Microbus,8.81646271127068,14
mVZQtFYsUCVuagT7jiTQ-,Minibus,27.2272975421407,33
bPAOgrQbVCQOI58hPq8M2,Minibus,24.702085899707,33
ioDO0LtWeYfrWrZ16TFr5,Minibus,30.3100919358066,33
P_B_8_CA107,Tomnaya,4.28847553256996,7
8e41N39_w9qPLPFGgB8Hq,Minibus,20.1511697062784,33
ky6MXHGj0HKPAoqxgFyyp,Bus,23.6429747381323,49
ky6MXHGj0HKPAoqxgFyyp,Bus,23.7764691822057,49
fwS4JbFtp5dtGtwMGqXBH,Microbus,15.5663245792957,14
ryPRB8CSZ4RJjvfbdXDC1,Bus,27.6685039084673,49
NQ9Wqx8QvnYzPFWEsHHiM,Tomnaya,24.0203852847947,7
KRWhc98g65P9U2MM4fs0A,Minibus,23.3079566070808,33
wYawpUlAxZrHlVxizOLid,Bus,17.7901767232536,49
J_PqoU-hjIL1h8F626aNF,Minibus,37.6180748834349,33
PDlizFncn7JYVajF5DkR9,Microbus,4.67598950378041,14
vLtVl__J6Y88JxSMUbq9e,Bus,28.3051050967636,49
hzSgTxcnjIdeldzq3BHu1,Bus,13.108298577173,49
3JpAdi2uPwMtPTnRK6Jyp,Minibus,17.8070172811853,33
Hu_E85mwGGhJHvFmWrLch,Minibus,26.7313675841218,33
vLtVl__J6Y88JxSMUbq9e,Bus,30.8869216276824,49
luITCTGk3nUs1odvaqf3p,Minibus,11.7676667383009,33
ADJZbj6QAtiHt8lqBibnV,Minibus,22.0741200347407,33
h2J_fjZiNjbt_8gzFSmzs,Microbus,19.2083388446799,14
dX4GI-MLWfQt63dbt9LNY,Bus,34.9610732624717,49
mQ36caejcbeqdwPrBveqE,Bus,50.9234903135485,49
wjw5IKW5tGSh5Qf2OIk5Y,Bus,48.2431184872369,49
nhJyCrgCzEnJX58NfGuFk,Minibus,28.0587047006619,33
kBtm-qZ0NnQ1idoAL_yfA,Bus,13.8447336992864,49
JktuaW0f3dvlZcs7mDGGu,Bus,26.7297868771639,49
JktuaW0f3dvlZcs7mDGGu,Bus,27.3157567001902,49
MgUVI0pvMFijJFql58iLt,Minibus,29.6681507398442,33
wjw5IKW5tGSh5Qf2OIk5Y,Bus,43.9389514440501,49
kv8R2uui-Di2K3gVwZO78,Microbus,14.9481409581109,14
mQ36caejcbeqdwPrBveqE,Bus,50.9617170553477,49
ctcoGGvDNd93MT5czSIi7,Minibus,29.5728257395801,33
AflV7b-3AGXaMj90ZBio9,Minibus,31.9212377567826,33
AflV7b-3AGXaMj90ZBio9,Minibus,28.8022978482884,33
K9zBV4fj5NavAGCuGFD2i,Bus,44.8940772546957,49
RpY93UNxhi5boOQu37j_C,Bus,27.2855157298671,49
c_zrdXjQmBwztXf6Nw7jP,Bus,17.5720186178477,49
9utw1A6O1TUOZSdVJXnIN,Bus,24.8196428496176,49
h8hJSqxjvR_DV1rkw2S5k,Microbus,5.48263120043401,14
cSajDgx0bM1XDy4LLTYL4,Bus,23.7662102963351,49
Tpa0A12goEVH-sdvNU4pa,Bus,16.1291190049289,49
hXNe26POoDE0MSAUxW0W_,Minibus,20.3730159880303,33
CgY1MncbobepPdQSZZ9dl,Bus,18.2215568217877,49
MgUVI0pvMFijJFql58iLt,Minibus,29.2522569543687,33
c7dsOrHcVJ5TLsMxuO3XG,Bus,26.9501378521237,49
BJ5gu8S2fvtVIQNgi3LNC,Tomnaya,18.1848409207441,7
UIbJAHRCDRcPVxtylKdP1,Microbus,29.373059782059,14
YwAwwkJqjET3Y_3C9x3AO,Microbus,6.85852102228689,14
dX4GI-MLWfQt63dbt9LNY,Bus,36.0493311745674,49
nhJyCrgCzEnJX58NfGuFk,Minibus,28.3369273762983,33
hzSgTxcnjIdeldzq3BHu1,Bus,11.5130013877564,49
BBlbsema50qEzicPBcriq,Minibus,41.8211356247248,33
zdqlYRVdftBHIeoVbaRin,Microbus,5.98365300107867,14
fIX2H6I2zopxdtQs4KTWy,Minibus,23.6433234076059,33
CTA_370,Bus,41.9783547849542,49
JEYUgjN4DNooJRg88uMnU,Minibus,15.5294918779589,33
Bp6VC-w4hVf07QNNC-TUQ,Bus,22.6771689576178,49
BTapayFKafajyYHQLI30g,Bus,17.2240107229213,49
A45ex-5A-EQJSEd1EPD_K,Bus,34.1850197922028,49
6K4_YEnZjlrZGldv7Yl2T,Microbus,7.93948803080429,14
BBlbsema50qEzicPBcriq,Minibus,44.0447221690468,33
K9zBV4fj5NavAGCuGFD2i,Bus,43.1843174235542,49
PNtTPVJcmDWclAFZdvYD2,Tomnaya,5.47764097303017,7
zZOoW5YGvB9BYblSit-KB,Minibus,26.1382864722114,33
P_B_8_6O019,Tomnaya,2.03940912804524,7
P_O_14_IC093,Microbus,39.7278517375266,14
NCUBbHH_QGjf1q-0X1YC-,Bus,24.0226653611147,49
4oru4f3TseNYYICmUR910,Microbus,13.0504547834064,14
lvMyRSGX-pAwdUcOqYZqG,Bus,29.9727961505621,49
IQBYLZyf_eGY8fK3WVcR0,Tomnaya,6.50955377129887,7
ktpntHMzg1dBhqPWG7ifu,Bus,31.7806661437845,49
GZtwE0__sVe5sfdM8Hq45,Microbus,5.02867032779294,14
hWB-y-hCqfdmkq-zh_JuY,Bus,39.9651155737227,49
UIbJAHRCDRcPVxtylKdP1,Microbus,29.3406163784687,14
BV3Lpd-u_IqoQTTAGrXsT,Minibus,20.9785255401548,33
hWB-y-hCqfdmkq-zh_JuY,Bus,42.5056026435192,49
ktpntHMzg1dBhqPWG7ifu,Bus,36.1778785340763,49
YIHTQhZhY68hR2EQjvlF-,Bus,19.542862390532,49
4oru4f3TseNYYICmUR910,Microbus,11.9754572055594,14
fIX2H6I2zopxdtQs4KTWy,Minibus,23.8120889444588,33
czcD_GDbPM3RYT-b_E4GE,Microbus,3.26011596431158,14
yCzCB9uoQWDH4YDGoPa9W,Bus,38.2375676270866,49
3dezhf9N-kKXYX4egwMmg,Minibus,30.251584280659,33
DafSYVkgsDYBZs729kZGD,Bus,41.0127778080426,49
I0McnHOUOXtn5nXDvkIuT,Minibus,29.8404898700477,33
21kZwsX6wTR98GRcou2yw,Bus,18.7546006433686,49
NvJsbLXSZ_OQTMe4A0Re6,Minibus,32.2810550327059,33
UydKv2gM1kSDyx7u4jZIV,Bus,10.9209296536462,49
ctcoGGvDNd93MT5czSIi7,Minibus,28.1552123976073,33
3dezhf9N-kKXYX4egwMmg,Minibus,29.2037471481382,33
LpiM9b8bL-w2_OYYAi9OZ,Microbus,0.909892549316379,14
DafSYVkgsDYBZs729kZGD,Bus,42.7758623919072,49
Eq5DUhwePKrivC_r5EyAz,Bus,12.8769159443094,49
zXpyM9xY7G9LBl-J7BFVC,Microbus,54.3537765269787,14
T9Z1u1IkkEycKE6B_nakJ,Microbus,5.29292172087624,14
JZOWZGUVIlsyln-SJhGeB,Tomnaya,0.982693352354474,7
eWiEGCcCP5bsCA6uPr2nY,Bus,37.222839655482,49
CTA_92-1050,Bus,21.336018120213,49
xkcfLc0qC3yXgkL3QkYzS,Minibus,22.2183997753986,33
P_O_14_CA152,Microbus,3.59980218580989,14
eWiEGCcCP5bsCA6uPr2nY,Bus,34.2361993249546,49
MgUeZY5IH7DhXn9qFpvGl,Microbus,1.97577391038826,14
gwG-fhicbKS4E3iMRQz6P,Minibus,23.5090040270265,33
9j2ux9o5-KraQgcDFxC0H,Bus,25.4251108241096,49
eyQjmu5-Lb_ghG2yj7OUr,Minibus,25.4457713085396,33
3Yvct3Jc-AgCLWnx8iJb-,Microbus,6.94771820463623,14
xkcfLc0qC3yXgkL3QkYzS,Minibus,21.5368448609418,33
fI_k2RnEr3Kvx-feFgZpe,Microbus,14.5869304345149,14
AK9Xq6-wtWH9sbUvuMUdZ,Minibus,20.8764589806703,33
ER0t9nxcaa0Md4Nm7r-oa,Minibus,20.2428827862996,33
ZGjX3QoD_ctqk3lvYrKDL,Minibus,23.0445682647657,33
P_O_14_CA022,Microbus,4.04691180058826,14
5CqnnGEDncnHS7HZkkGTj,Minibus,29.5759974821868,33
G3SanxHficxx5Wx3Kfnn0,Microbus,20.6445868659168,14
NSy3ZsEBK5pZrZIyk51VL,Bus,22.312318056825,49
whPhZJOh0ITe1RuUOEZX2,Bus,12.0167073180206,49
nOJ9PATzYJARWxEfkqu5L,Minibus,23.0019640355722,33
egjPD6593CKn95Mk98b1K,Minibus,16.4924730734129,33
zXpyM9xY7G9LBl-J7BFVC,Microbus,56.2753969634027,14
uPQepJdL4bjoI0R7J9XKz,Bus,10.8407739490987,49
xolg4JwSJogcCGeExbjKu,Minibus,21.774162872536,33
IK0lxgoOk-xJleJOgnUIP,Microbus,14.5432220615315,14
nOJ9PATzYJARWxEfkqu5L,Minibus,25.3646785276152,33
WcBUjkdX_6SJfXXGp00S-,Microbus,13.0397954942658,14
QAtNnDbICPuNWmtoKicmy,Minibus,26.585105011,33
3k65ONadSSpqWJMm7jv4a,Minibus,27.2795299120202,33
CTA_900,Bus,20.5515158582362,49
4E_NzHWE6SBBt9WiSwera,Microbus,43.4599734762005,14
Ml8Z5Ycxg-taVluDdj9eh,Bus,22.7717473679103,49
ynTk2w8k0i45iT5CkTzX-,Microbus,3.5204975904787,14
foiu6unw8p8KJnIDFM5Xs,Microbus,9.28109026698252,14
0yN0f3emwwLcW287INPnm,Minibus,22.6942211305788,33
8X8gLBYp6o4Z9Dc0_MySn,Microbus,18.448589385846,14
Imw9VlP3uLpN1-7pXr_Qe,Minibus,28.1264375167871,33
j0B0wGsqFxUkOptBjcLvx,Minibus,21.0033738987777,33
0ij9-cfVgid7IW1oTQKdT,Minibus,16.4358059056478,33
gwG-fhicbKS4E3iMRQz6P,Minibus,24.4353360019969,33
lzExfvE08FXIFTjkNJgv9,Microbus,5.69273780766979,14
3k65ONadSSpqWJMm7jv4a,Minibus,28.0805814318436,33
YDYZfl3PqeB6Fo4Ji9dpx,Microbus,18.9428651041658,14
QAtNnDbICPuNWmtoKicmy,Minibus,25.7558410245718,33
xolg4JwSJogcCGeExbjKu,Minibus,21.4481931786345,33
Dnad46KxSgtz6WrdlQUHY,Tomnaya,16.2748311334349,7
eyQjmu5-Lb_ghG2yj7OUr,Minibus,23.3566530039702,33
mrJT7Y9lx0AZq-7wl66cW,Microbus,24.0868458308176,14
LJ8W8lrawIvi_HQ_N_fRD,Microbus,42.4049524949177,14
O__qyKz6kCZCjrNB-7OYX,Microbus,11.2009804908126,14
YC8mSQwzG7-Amd9rDuPR1,Microbus,5.29980894282351,14
0XAvSntelgtvUQzvAfLqW,Microbus,49.8377444605638,14
FXHbwS2tr2kd-8DtfhIgo,Microbus,11.3269546137818,14
LJ8W8lrawIvi_HQ_N_fRD,Microbus,42.2407752231937,14
TIlnDqafo-e2AVr35QCtj,Microbus,9.50841692409272,14
XJQVWOM0aIFhA0CTFaprI,Microbus,38.4932492822737,14
v3r7iBOk8eP_u6GCz6kpD,Microbus,7.82310731797681,14
CA6mMAtKLFlrTaQ4BiGcJ,Bus,20.9842978759701,49
r_aM8g8hbeCg_QnsOQXZh,Bus,24.1526272125759,49
6KGSCH_P7m-jw7W1PR0Ht,Microbus,31.2392577710034,14
iCZTu5NQScawKNksGO9uH,Microbus,7.29102542524368,14
CTA_840,Bus,16.0134358450766,49
0XAvSntelgtvUQzvAfLqW,Microbus,52.2878780260726,14
uVXNDIyKAilRBZ3n92UQo,Microbus,28.3365091320131,14
rIW1na7aSBeUGKSkhuuGI,Microbus,5.85649424470503,14
1mr8RU0a90VsX2pRB9Rfl,Microbus,5.30583458994706,14
bvWwmlVRmaOh17E4NPADx,Minibus,18.07363371744,33
dM98F5uCHLC-eVa5-BvJZ,Microbus,19.8070844444997,14
7FCzhO02lSZAAW-JhYn9s,Minibus,27.9229577935681,33
f3VyvIsE1IEeM5gDkzXhN,Microbus,10.5269151237325,14
EJJbs0wpO3klUlJZZvU3J,Bus,27.3732071614309,49
XXk6QOM27EiINNJVOjcue,Minibus,11.8692812207025,33
7S_gkEV2bsYICm8FcrJRV,Minibus,30.9057415300763,33
9JtrrWplRidMq_w6-6Bs8,Microbus,7.87121391825791,14
ht0GgjSAbF0kdmnExj5Yz,Microbus,1.57059258186588,14
L461chwDYnuXmkCJbl1Zk,Minibus,26.3907133885938,33
YyMVnpFACm_b2uotE7GjR,Microbus,12.5458503429639,14
7S_gkEV2bsYICm8FcrJRV,Minibus,28.8631309343149,33
vPxZODNW0MlX1OZFVTl8e,Microbus,10.7422022100491,14
ezg_t81DPrRfiBGLI9GbE,Microbus,3.63638873276345,14
7FCzhO02lSZAAW-JhYn9s,Minibus,27.6057869369349,33
FCAAr3fes-LcOKbkahMq-,Microbus,6.7909090634167,14
9WQz2Uku_lDLfa9xlAq6e,Microbus,30.3797122727719,14
THrQu8qlfqIVjyIOU9nsp,Microbus,6.22922267624715,14
tVSIeyuK_trcKCgwVwM1B,Microbus,11.6727092936696,14
0ij9-cfVgid7IW1oTQKdT,Minibus,16.5188878819069,33
FXHbwS2tr2kd-8DtfhIgo,Microbus,10.9284300906418,14
Nt3X7K8xH9fN8xUI0jtsl,Microbus,5.72737423662383,14
NSy3ZsEBK5pZrZIyk51VL,Bus,21.7682458790741,49
xHDTuKEcNGya_6TEqky9R,Microbus,23.3994525767901,14
TwtquEbhxXg7lLUiammd0,Microbus,29.7824218974993,14
IMRynqA53QmU-orlgoLIj,Microbus,8.24483531951571,14
rSzg2M_8gM0cX-PnDBpDS,Microbus,28.0235985520075,14
mArLEgVOmRmk2qjpXCcyb,Microbus,7.85755934593421,14
NpVyB3A8oXLi3GfGFKSwW,Microbus,20.9754857605698,14
NvP4fRLg68f35n6CvEdEj,Microbus,15.6659438633111,14
rIW1na7aSBeUGKSkhuuGI,Microbus,6.37425062526946,14
bIbrbTpxCAep4mS2L2FoJ,Minibus,28.3080555016724,33
xQ-gNexveTXTu9hyB09su,Microbus,9.72616675813893,14
THrQu8qlfqIVjyIOU9nsp,Microbus,6.21067739765013,14
Ytv0dFG7V3erHcHr8CQG8,Bus,17.9111701966443,49
HgOOTYudP9JvGMJLgyyjz,Microbus,5.98577359373218,14
JHK6gWh4wxS5zteB3hxbW,Microbus,6.41662753130836,14
Ytv0dFG7V3erHcHr8CQG8,Bus,18.4436571297794,49
OZAAPeChjNCYfhRh0ytYa,Microbus,23.4607012501897,14
a857emSd0Eg9_C49Uly1i,Microbus,29.550273620843,14
r3Rn-Eht_A27WHh3b8Zn0,Microbus,9.38286232444071,14
xP2sjSYD1lMXW6ZUlUVOe,Microbus,39.3592395013342,14
EdxCXX3s8ILq_VMt8162G,Microbus,9.29292005434433,14
nPQFHmEKjUVtIvFp4H1KK,Microbus,44.33423901226,14
24kdxuuUjA0qtjg6P-OPh,Bus,18.0402381513621,49
B31s4JolfJ0z-HLdNoXCR,Bus,16.3166207181141,49
C6RjvuOaE6Jy7WRZtUxaM,Bus,16.684496117976,49
n4ilqcRQ9yJVFWs-xSz-D,Bus,24.8959947420344,49
ne9Df9bfGqa0RrCaPqNTA,Microbus,8.6211096445895,14
lFki0psvWKrqJWc6Qz6PR,Microbus,26.7474091421768,14
YOUm7rdzNVY6LFG9JKpHr,Microbus,17.0296621127139,14
BTapayFKafajyYHQLI30g,Bus,15.8064452866423,49
4AnLqrfTx4EzrhVcahl7F,Microbus,11.491168737824,14
2kavxuzVoPAIs0Zo7SkfI,Tomnaya,6.80929840646329,7
ijoblexYmIYN_Bo_iD_Wg,Bus,15.6274498077416,49
PNtTPVJcmDWclAFZdvYD2,Tomnaya,4.32726658907893,7
VcyJ3Cygkrd6BpKY5hhzC,Microbus,5.4363518348501,14
GKwSUuezWdV45Rd_Qtady,Microbus,26.4134673355052,14
IcpqTJSZNZXngGCgzW0-u,Microbus,6.57963722034238,14
e1xAb2o6cgzGY9iNvA5aG,Microbus,33.1036219530076,14
f_ndpqhZbBLRF7rSyRerB,Microbus,13.3792847185543,14
CBxRb0VoXyLWRjw97cRXJ,Minibus,22.694797054127,33
YiqckBVvySeTMxSuhIb93,Microbus,13.5461308712826,14
HRIoKLqyzSuLF2TLVXtja,Bus,25.3034395172523,49
5l1G65qweO5GdBQpfy1EM,Microbus,19.7511362045777,14
LwkV1eodv1ID5E0MVkEGV,Microbus,38.1457291365768,14
ldy3O2UlQPWYA4Jj8vJgN,Bus,14.0378264987717,49
Nt3X7K8xH9fN8xUI0jtsl,Microbus,6.68263576707993,14
4AnLqrfTx4EzrhVcahl7F,Microbus,10.4399759548969,14
nQKW52Ox3zlyelPVrnuvw,Minibus,30.6202467223764,33
CA6mMAtKLFlrTaQ4BiGcJ,Bus,19.3328367533899,49
LwkV1eodv1ID5E0MVkEGV,Microbus,37.8928921742003,14
ejAVozyP784n-DqXuiW2U,Bus,12.4955179520637,49
ej2ohQ-P0kTk-y-6MwMbM,Microbus,31.9436927524406,14
t-VkUnvixIVORTzsevcAZ,Bus,10.336733542428,49
VP-_HJndaq3LK1Y8sWnFm,Bus,19.8150740955033,49
IRzkagIluHAKgsFxr9c_Z,Bus,15.7420963635428,49
Hu_E85mwGGhJHvFmWrLch,Minibus,21.6826682615811,33
TIlnDqafo-e2AVr35QCtj,Microbus,9.0286834028104,14
Ogi2rh_OlSM2h_wvvLGkk,Microbus,3.02074797188666,14
oq0Kd02t351SYBTGRu4mX,Minibus,23.2798991196286,33
pHXU8x5lS5GcVfRS1nUfp,Minibus,18.2795425528002,33
2NGKDEeZqTOn-h078Hniy,Microbus,35.8399152933773,14
HRIoKLqyzSuLF2TLVXtja,Bus,24.0313327026186,49
_kGwgRC-pycvUmse6VVvU,Minibus,25.2358930370909,33
2nunj7L0d16GI8GHhNASo,Microbus,23.5128313923417,14
e8XSHfUauPfbEm5GI8uZB,Minibus,23.7283055788175,33
iSJquE4a-hnmErov1zOQm,Bus,17.1155849286055,49
fPRBf1K3K_qq6lfyMtz0d,Bus,23.8401060247319,49
_kGwgRC-pycvUmse6VVvU,Minibus,26.966797009725,33
EvrZ1dQ_nxwknC6nlhifj,Bus,16.8657915017732,49
NZajXqCpAk_GgbEGzIBG1,Minibus,45.9067320116256,33
tr5C-Vao_XTCqFPXm-mE5,Minibus,24.3338313631463,33
T7BWm7IBJwclTVfKGA8P-,Microbus,6.441642824736,14
2NGKDEeZqTOn-h078Hniy,Microbus,32.739027798369,14
31lxQf5nIa80ffeAkBjMH,Microbus,16.2153586109477,14
ZGjX3QoD_ctqk3lvYrKDL,Minibus,24.6106323254199,33
XEvmtqv39IKsFQIslODQ_,Microbus,8.43977766282438,14
Imw9VlP3uLpN1-7pXr_Qe,Minibus,24.8902541608392,33
CTA_1025,Bus,41.2672667985429,49
tr5C-Vao_XTCqFPXm-mE5,Minibus,25.4234078953731,33
6HiNrwyzAw5JGPUdaty-0,Microbus,4.46189037003787,14
mrJT7Y9lx0AZq-7wl66cW,Microbus,24.5977661823173,14
Hjh1uRXEyzV0t-_S0vjaF,Bus,16.4102920181707,49
5KspV5Hlbm-No0kYZeowS,Microbus,23.6827385317678,14
NrOaoQJmSjyW5uQtfFt7p,Microbus,11.2065051193446,14
mNmLsNHPMlBfFhZRjrgK2,Bus,36.9765711545881,49
fuicPDe5V7A7QVMdRss5o,Bus,31.5867944607072,49
rkJxL56Q3OKc76Ff6Pg8s,Bus,18.1079435427433,49
-6XpwB9WWYaBpVKpKkJAA,Minibus,32.123272697039,33
VGaQYovXuVb6WPYilc6D0,Minibus,22.2384614150729,33
ObwRVHlKZ6bJ0sY57ADgV,Microbus,27.6787524419132,14
AYG5Jeb5RQthuAg3x6gL_,Minibus,35.8806626491468,33
I30E1wTMc3MAmoOQniW3h,Microbus,11.0788469359133,14
qF9eq082_adr4tlPXHbat,Minibus,27.5550043691129,33
koG8Hv7ojxwoLFo8eXvTW,Minibus,7.62811564468969,33
nfGw_AtUWg704oRknN6oJ,Minibus,36.1304948989056,33
fuicPDe5V7A7QVMdRss5o,Bus,38.0265803382533,49
jAkc2JP8TWQ7cm1sx3V2V,Minibus,11.5749496401845,33
ZpjJfGT2XablwK9bPaDxE,Bus,37.1953356223075,49
5KspV5Hlbm-No0kYZeowS,Microbus,27.4077290751688,14
ynTk2w8k0i45iT5CkTzX-,Microbus,3.51042294598175,14
vWaavZmYB5sbQzR2d-U_U,Minibus,34.1617398373592,33
D2cZnF4D57su9lDHL4c-h,Minibus,41.0818234750362,33
D2cZnF4D57su9lDHL4c-h,Minibus,44.1778669872173,33
FugP1Vj46_hKrrCUcBN5G,Minibus,35.6500800417214,33
W4XrYxIpaEVrO-aOQjYMS,Bus,40.1351831246975,49
15BSVKWwvsIQTR_rWUxzo,Minibus,18.1748343725077,33
FugP1Vj46_hKrrCUcBN5G,Minibus,37.3579317232265,33
vWaavZmYB5sbQzR2d-U_U,Minibus,34.0003299129845,33
wTMLwyykgGKLFW3yYaNnx,Bus,21.1642690735484,49
2GAYQWfWuEdIk5hhjFe2Q,Microbus,8.93914753174182,14
mFhgyri40omCemrCH5KSb,Bus,48.0471455621238,49
2tYSJSKAX45ZXdXge4fde,Bus,33.4864862283385,49
CS3b3rHHRUxTf_IncW5DA,Microbus,33.98969440092,14
fKnTlCkWALIgjxXU63NNV,Microbus,7.73970985602864,14
NCUBbHH_QGjf1q-0X1YC-,Bus,23.8222670767609,49
a4gnGzOuEjFFXiOYfTYg9,Bus,21.5868671869007,49
qF9eq082_adr4tlPXHbat,Minibus,27.7387018077448,33
JiIqBjX2_cEbIJ6DrqtzH,Minibus,40.1045371357651,33
2tYSJSKAX45ZXdXge4fde,Bus,32.5452802870132,49
bxHMMd-JyQtEEVzZqhYxF,Microbus,3.0800191248066,14
eVbAOGbA9hx7lvF6qbJse,Bus,23.1339102495861,49
h7v0GKemY5eE-eh4q1KCJ,Bus,19.6953241059955,49
-6XpwB9WWYaBpVKpKkJAA,Minibus,30.2966372988019,33
OZAAPeChjNCYfhRh0ytYa,Microbus,19.829694948124,14
gD54eeIS5drTlju1bVuOq,Minibus,32.6742782434285,33
gD54eeIS5drTlju1bVuOq,Minibus,32.1241897515314,33
9HZEMuRNsQzN9flynqhET,Microbus,6.65449344544134,14
YFvdbCU6C-OUVsvdiECzT,Bus,26.5800910000976,49
WcBUjkdX_6SJfXXGp00S-,Microbus,13.6157271069627,14
RRrzHlEEvrgMUl0VtGTmU,Bus,30.9165610039277,49
W4XrYxIpaEVrO-aOQjYMS,Bus,40.0307076515777,49
lnb3vDxVc9ZLbejDbwGIm,Bus,21.2579407086812,49
DC_H6AbB75qp51RmOSCrt,Bus,32.5167049201538,49
vffeFh9VQdtrf4m7w-fNP,Bus,13.2367522731424,49
4xLmOtIrO8HsH5BVeVgIZ,Bus,34.518142559683,49
4xLmOtIrO8HsH5BVeVgIZ,Bus,34.6810875695185,49
JHK6gWh4wxS5zteB3hxbW,Microbus,5.89632831946713,14
Sox8uyw7SKydjtBoCTZlF,Minibus,40.5381156004296,33
aCYYi5ZrCwjmU6CuJ-peQ,Minibus,35.5796519912779,33
58ec_pyCB_Gbm8WqhvAx2,Bus,38.1035393759329,49
dGZEosc821pSF0MGiNb76,Microbus,4.88220575028614,14
0mQ8cT0ZE81ogwfFKHdrc,Minibus,20.081148379661,33
tywNfVmg7Vw0gAzy8NLvu,Microbus,27.0906796518959,14
jIXHYKt1q-bq46OpP9z9c,Bus,29.7119698600784,49
tVSIeyuK_trcKCgwVwM1B,Microbus,11.553418282242,14
DC_H6AbB75qp51RmOSCrt,Bus,33.4508826882106,49
k_9mWTTJJol46IWykMhrV,Microbus,7.9355964160187,14
JiIqBjX2_cEbIJ6DrqtzH,Minibus,37.6956181337068,33
RNWAMpjdKYvRHnfD_wR27,Bus,10.0240014499279,49
cWtZ4nvWgHX7RWH24OAA1,Minibus,35.390775927265,33
nf1dT47KvJP9Y2TD0As54,Microbus,14.8617995876777,14
yonpH4_SVRs1MuN6Ixc7i,Minibus,27.8703457314298,33
Hjh1uRXEyzV0t-_S0vjaF,Bus,17.1237724205466,49
-nJDno82fXTeOuqXP8Q3H,Bus,25.0879446600993,49
mFhgyri40omCemrCH5KSb,Bus,41.1563503397774,49
vPervgwLcUBlBEEYI5p7Q,Microbus,18.8586110489962,14
x0MiBbZzr0WNjON4yraWL,Minibus,23.1230685069335,33
RrZM9uyp0vcL4KFiRiurP,Microbus,16.9196627632238,14
3WAtjq7S69P9s8WhLOr4f,Bus,22.1863628182839,49
Sw7KMUZPTGb_ZDHt4D-yr,Minibus,19.0702933155107,33
BV3Lpd-u_IqoQTTAGrXsT,Minibus,24.2105398903372,33
0jLSq_tyEzhc61dHzdRo5,Tomnaya,4.77382277153287,7
_MAgxE7pFZU2v4vAiDGuz,Bus,23.112187867138,49
l-EKz6sq8PlM9bMdDXqUY,Microbus,20.651177684682,14
PWCFW_a8c-PDr7QO6PoJe,Microbus,63.8516864530492,14
NZajXqCpAk_GgbEGzIBG1,Minibus,45.5719547256833,33
YFvdbCU6C-OUVsvdiECzT,Bus,33.580249989551,49
aCYYi5ZrCwjmU6CuJ-peQ,Minibus,36.0111144274392,33
zRAXMgMRMVRhmAULPLo0R,Microbus,2.96411156912792,14
dzCVUSS3MpR4QRQ6vLCn5,Bus,27.170976110493,49
RrZM9uyp0vcL4KFiRiurP,Microbus,16.1021706590714,14
oq0Kd02t351SYBTGRu4mX,Minibus,24.0986232321136,33
VP-_HJndaq3LK1Y8sWnFm,Bus,18.5553579321834,49
e38x78tDVvSYikf-K2XLZ,Minibus,20.7286798640456,33
Rid3J784c156sibqnTGhS,Minibus,15.5013249599123,33
wz-ZLxXwobCpZlLGOs-nJ,Bus,22.7287470187677,49
j7UPthklnvwZzR-_G5yRe,Minibus,19.2071094514812,33
yonpH4_SVRs1MuN6Ixc7i,Minibus,26.6101789620162,33
p3-8qu3UivDvTp0cckEVG,Microbus,2.27974975773557,14
tOuRwi8SSInQQJ7Kbq7O1,Microbus,16.2092099814504,14
wz-ZLxXwobCpZlLGOs-nJ,Bus,30.0147328401227,49
qQ8CZf6wkbvSMMGKizEwd,Minibus,18.5422246948682,33
Sox8uyw7SKydjtBoCTZlF,Minibus,38.9269305556726,33
lXdhO5SFzPueut3URDvPn,Bus,22.3183254541797,49
DfiU0lrz_ql4vTYVNSlmz,Bus,13.1883168965542,49
3Dt_GqyHPoLGPo1ZegcTc,Minibus,33.3696653316573,33
utymBvr8ZF897oTW9pDue,Bus,12.6968586769546,49
cSajDgx0bM1XDy4LLTYL4,Bus,21.8124549172291,49
db_dOwMf5RFl45eluXu_7,Bus,15.2026941291131,49
wGCNj9b51EYHmlNiQLQOJ,Minibus,22.5226758560004,33
aWV3f3TuFNL4Wo6tZP7KU,Bus,17.548294277303,49
VGaQYovXuVb6WPYilc6D0,Minibus,25.8332863669068,33
lXdhO5SFzPueut3URDvPn,Bus,24.8472809197671,49
L1rMkXC2KSeHo-lMhLN3w,Bus,43.9554482285288,49
0yN0f3emwwLcW287INPnm,Minibus,28.2753927419115,33
CS3b3rHHRUxTf_IncW5DA,Microbus,34.4874930728682,14
mVQ0zufyJ93lZbi9DOTdP,Microbus,10.99013703005,14
Y-YHy-wjklAYFa_6LghGz,Bus,26.1907851145343,49
nf1dT47KvJP9Y2TD0As54,Microbus,14.9194959475007,14
jIXHYKt1q-bq46OpP9z9c,Bus,31.1789083050503,49
L1rMkXC2KSeHo-lMhLN3w,Bus,40.8760774668496,49
fS9OIlGI6L05UA_VqIaSd,Bus,29.0878670339704,49
cWtZ4nvWgHX7RWH24OAA1,Minibus,35.0817235812986,33
58ec_pyCB_Gbm8WqhvAx2,Bus,39.3111132332206,49
AYG5Jeb5RQthuAg3x6gL_,Minibus,34.4409071828456,33
LpHLg1FZnH9OcBTFfVwEs,Bus,27.6610202410702,49
nQKW52Ox3zlyelPVrnuvw,Minibus,28.4864024929151,33
uSqPGMEHwN2LcA-Dx8IDf,Minibus,31.0177800107676,33
y2pNkYKdwmq-DYYWpGD5I,Minibus,23.7430154896747,33
Llp_ydR2tscD940jXryQU,Microbus,24.9687526436743,14
CT0zYWqMQPGAbKnQfzLyJ,Bus,19.0605442427989,49
ghUS4XUgfmpDNLCwwFfTq,Bus,20.0451703625871,49
sIt6Ay8Ghb65PsqmDHyii,Minibus,25.1117105604006,33
IRzkagIluHAKgsFxr9c_Z,Bus,17.9243657207667,49
wTMLwyykgGKLFW3yYaNnx,Bus,20.8923386016569,49
Z2RSwdOqb-nYzFdq9dXUL,Microbus,9.00987709193575,14
_u0ElwgPPD4gErsOC9Dtq,Bus,19.8793259975616,49
KZbzaf9cmgAB7KuFCo1MM,Minibus,20.2390443577131,33
Llp_ydR2tscD940jXryQU,Microbus,27.8944101249253,14
rumnfrVLyA8ZA3JpTI5Ef,Bus,17.9197070261442,49
uVXNDIyKAilRBZ3n92UQo,Microbus,30.4633527899848,14
NsRadhTyf0r3kiWFf6VpA,Minibus,25.2100759807896,33
L461chwDYnuXmkCJbl1Zk,Minibus,18.6914512708117,33
RpY93UNxhi5boOQu37j_C,Bus,26.9709638346607,49
3Dt_GqyHPoLGPo1ZegcTc,Minibus,29.7055458158481,33
r_aM8g8hbeCg_QnsOQXZh,Bus,24.7193835202262,49
_u0ElwgPPD4gErsOC9Dtq,Bus,19.3180642694966,49
e8XSHfUauPfbEm5GI8uZB,Minibus,23.8289031337499,33
u02rskAm9s9jHxaOs9NhQ,Bus,17.0661040595706,49
sIt6Ay8Ghb65PsqmDHyii,Minibus,24.6729271073938,33
_MAgxE7pFZU2v4vAiDGuz,Bus,21.9163064183561,49
7rXRm-ODpC-4pUd0AdZcX,Minibus,42.1260199394035,33
NrXQrpcK2JA_IC7xpHfNm,Microbus,34.9977092847406,14
NvJsbLXSZ_OQTMe4A0Re6,Minibus,27.3129644468191,33
JEYUgjN4DNooJRg88uMnU,Minibus,16.049669612005,33
e38x78tDVvSYikf-K2XLZ,Minibus,19.6119642450394,33
NsWlr8t2byZcKwm7hf7UI,Bus,17.9334308596674,49
LpHLg1FZnH9OcBTFfVwEs,Bus,26.2809694527682,49
xniqp9cSgkWVk0k63CbZl,Bus,19.4539763245806,49
9utw1A6O1TUOZSdVJXnIN,Bus,24.3434630061967,49
N6IzAQa5E4U9mP-CLry9g,Bus,23.9964160799107,49
I0McnHOUOXtn5nXDvkIuT,Minibus,29.2226146544111,33
yCzCB9uoQWDH4YDGoPa9W,Bus,45.3676915051417,49
nPQFHmEKjUVtIvFp4H1KK,Microbus,42.2030519596423,14
4cp78uINFpGWUO3lvHpAX,Microbus,11.7487860472644,14
bvWwmlVRmaOh17E4NPADx,Minibus,18.4077771945459,33
CBxRb0VoXyLWRjw97cRXJ,Minibus,24.05973200322,33
VG85-qS5arY-IxZ4UXiop,Microbus,20.802940187696,14
7ZNJgilomPVVQdSvyInsq,Bus,17.3846090402516,49
oVLz5uMkzuzBcOtlii3MM,Microbus,3.50342511820261,14
x0MiBbZzr0WNjON4yraWL,Minibus,19.3575252818764,33
mACiG8_tUrwcPtvZXP8Od,Bus,14.3545955627036,49
Rq-eMK7w1Ht-mDd-Q_JC8,Bus,28.5397023874521,49
EvrZ1dQ_nxwknC6nlhifj,Bus,17.8561624153338,49
igaGwMdEQ1Rm4tT_CEE2b,Minibus,21.3285767367545,33
kmJvmozOqYl95wRijRLnL,Minibus,18.9313899777616,33
BV6LVVgDgSW-cSt6IkTzS,Bus,24.4947506668681,49
igaGwMdEQ1Rm4tT_CEE2b,Minibus,22.6252872995896,33
KRWhc98g65P9U2MM4fs0A,Minibus,22.5928327166393,33
L6PArmxc9NFPD2d0aCCTb,Minibus,25.4943370010237,33
DtLLG0DY2SgylTir-e5kd,Bus,25.353245340302,49
gcVLDRuFTONiBOvli2aQ8,Minibus,23.835874525037,33
L6PArmxc9NFPD2d0aCCTb,Minibus,23.9841902118716,33
yyGnaQQgQqV2mgxb-3iuX,Microbus,4.43708785955273,14
yyGnaQQgQqV2mgxb-3iuX,Microbus,4.49037570811203,14
BV6LVVgDgSW-cSt6IkTzS,Bus,31.0807318057163,49
WOzJvSlqkyu7lDJGuDjA2,Minibus,25.897000496011,33
Vdn0kVuba4a9LxwlhEGiJ,Bus,11.0134030462773,49
epRYw8BYwgHH-RcYG5VZR,Bus,23.8587927803933,49
AsBiwEEcVj3jrx8lh9jms,Bus,12.3896251767972,49
epRYw8BYwgHH-RcYG5VZR,Bus,23.2899492391878,49
F-huxTOsiGcnkweRGwZg8,Minibus,24.6193404512398,33
jChkkQK1HtN-5QMYcjlUu,Microbus,10.0247268045517,14
LTPSVqGzJYucn9U0WTWQz,Minibus,25.4820177145292,33
GxpEPsh9nVdgjod-tsOkv,Microbus,26.0550156662003,14
dzCVUSS3MpR4QRQ6vLCn5,Bus,35.0703462226836,49
nfGw_AtUWg704oRknN6oJ,Minibus,37.2806027337807,33
N6IzAQa5E4U9mP-CLry9g,Bus,25.6425672174517,49
v3r7iBOk8eP_u6GCz6kpD,Microbus,7.14661954011203,14
luITCTGk3nUs1odvaqf3p,Minibus,10.7089374308442,33
WOzJvSlqkyu7lDJGuDjA2,Minibus,29.1192787512147,33
UqNUrY5nD-HVKa4Wl0Fi3,Microbus,8.17224578612798,14
Rq-eMK7w1Ht-mDd-Q_JC8,Bus,29.7979603756231,49
OjdWYHiltgq6kjdcreFCA,Minibus,19.6381399330665,33
tg7Ig_oSMPD5Nr6tlRuK4,Minibus,41.6501315135424,33
zoG2ixCLqw8Ytm3UpbKCp,Minibus,29.7190948135112,33
OjdWYHiltgq6kjdcreFCA,Minibus,21.1839933218919,33
Rid3J784c156sibqnTGhS,Minibus,15.1276601188283,33
Ad2qtlLVDY6f99l6Ca-O6,Bus,27.9338337868362,49
S7vV1gLrYMRDA3sRxXeNY,Bus,15.363564223285,49
Ad2qtlLVDY6f99l6Ca-O6,Bus,28.207817283478,49
DfiU0lrz_ql4vTYVNSlmz,Bus,14.9769254721172,49
tg7Ig_oSMPD5Nr6tlRuK4,Minibus,42.2474441631261,33
2Wxf2h2nrj2e5sjOpMram,Minibus,29.6368066206813,33
PnnpvX60X8WaRSAtq6_q1,Bus,36.8352422554,49
PnnpvX60X8WaRSAtq6_q1,Bus,33.7583960477766,49
iSJquE4a-hnmErov1zOQm,Bus,21.3165137876155,49
MM_NA15,Bus,14.3369226321157,49
2Wxf2h2nrj2e5sjOpMram,Minibus,28.2247669838642,33
9vBFhlX-T17hM_HD2xuxr,Bus,30.5501760039376,49
EN8O17ndwKGdqbV4Vemgm,Bus,23.6778492437055,49
zoG2ixCLqw8Ytm3UpbKCp,Minibus,27.3539389456021,33
y-_-0L2mPQ5hq9U3U_Nk3,Minibus,35.2314548058757,33
E5kbHujl_1NdyyZVDIILb,Bus,25.2198994563248,49
MM_M7,Bus,23.8760545389941,49
x_4y4YL3AYRZ74nIC-NQV,Microbus,38.115553195741,14
2teNSAc0dVegVu5GOxcn-,Bus,40.0655893048367,49
y-_-0L2mPQ5hq9U3U_Nk3,Minibus,32.1141170863184,33
GRN_G2,Bus,49.005388554444,49
GRN_G1,Bus,45.5125945952328,49
MM_M7,Bus,18.5937810794658,49
zZOoW5YGvB9BYblSit-KB,Minibus,27.28364921091,33
JFURIfkSZvjnSzWLlUZ65,Microbus,4.89810753112821,14
E5kbHujl_1NdyyZVDIILb,Bus,23.5068134595556,49
PcRD7pWWkA7PIAqxPtQKe,Bus,16.6107013767308,49
J_PqoU-hjIL1h8F626aNF,Minibus,36.8863653989234,33
x_4y4YL3AYRZ74nIC-NQV,Microbus,38.6873058035611,14
H0VZrZgURbduJqQJM_OjZ,Bus,38.9722834517645,49
-nJDno82fXTeOuqXP8Q3H,Bus,32.1394073435573,49
H0VZrZgURbduJqQJM_OjZ,Bus,38.1860476595723,49
fS9OIlGI6L05UA_VqIaSd,Bus,29.0837054057147,49
PcRD7pWWkA7PIAqxPtQKe,Bus,13.4434663642755,49
uSqPGMEHwN2LcA-Dx8IDf,Minibus,31.8704956498776,33
J5A7VH01y0jYe8-oy58XV,Bus,38.0009750705631,49
GxpEPsh9nVdgjod-tsOkv,Microbus,26.5095105767811,14
8Evj6WpZuMv4pgAH6uHVo,Bus,15.2165496978556,49
MM_M20,Bus,29.0530213093902,49
MM_M20,Bus,28.6871404759234,49
MM_M11,Bus,34.5800044241778,49
MM_M10,Bus,40.1634234614049,49
MM_M10,Bus,36.1545648981571,49
MM_618,Bus,46.5949314421508,49
MM_381,Bus,26.0353077954484,49
MM_381,Bus,27.5428475797904,49
MM_111,Bus,21.267677564041,49
MM_NS9,Bus,34.3478714173531,49
MM_NS9,Bus,33.0532155429928,49
MM_NA18,Bus,26.2369568600801,49
MM_M9,Bus,37.7165061646501,49
MM_M9,Bus,34.5961285664032,49
MM_M8,Bus,38.1831062763629,49
MM_M6,Bus,38.5970188475315,49
MM_M6,Bus,35.9182799448744,49
MM_M5,Bus,32.4468433266217,49
MM_M5,Bus,36.785345984892,49
J5A7VH01y0jYe8-oy58XV,Bus,36.8850110543478,49
2teNSAc0dVegVu5GOxcn-,Bus,41.3964185364948,49
NsRadhTyf0r3kiWFf6VpA,Minibus,32.4821289442526,33
Bp6VC-w4hVf07QNNC-TUQ,Bus,24.6176186518706,49
wYawpUlAxZrHlVxizOLid,Bus,15.8005770987127,49
lvMyRSGX-pAwdUcOqYZqG,Bus,26.152755402824,49
mNmLsNHPMlBfFhZRjrgK2,Bus,35.6939453453759,49
7rXRm-ODpC-4pUd0AdZcX,Minibus,44.3221825262046,33
LTPSVqGzJYucn9U0WTWQz,Minibus,25.7998687284088,33
ObwRVHlKZ6bJ0sY57ADgV,Microbus,27.1218498442382,14
63Gw347SsNx2agQWusD3h,Minibus,37.1062746834836,33
63Gw347SsNx2agQWusD3h,Minibus,37.6153378558984,33
5CqnnGEDncnHS7HZkkGTj,Minibus,29.2882073163094,33
jH8jIzX99Uq4NH-UZS5XF,Microbus,15.4110173161924,14
4P_RC_FgHuWtFC8yoCbgz,Bus,18.8954806839238,49
SI9aO3R9Vl4yBxUdPoO7K,Minibus,17.4514788108649,33
-jATAbzzhiwEzrFjPHt6K,Microbus,29.7469738625578,14
GHSOgF6amUGK8ac9n6HDF,Tomnaya,10.9233043801949,7
KJH0c5fBJqypfRMmg6cgr,Microbus,29.3874065446321,14
koG8Hv7ojxwoLFo8eXvTW,Minibus,6.69719104700256,33
jZkmaAxA5oIPfa38GBCb4,Microbus,32.9771281660808,14
Gqw2d9u5JudgWrjkgqYyp,Bus,56.6589303926529,49
mNGL6lCQQ9K06QNEu7j30,Bus,55.8110093696927,49
Gqw2d9u5JudgWrjkgqYyp,Bus,54.71236266923,49
vIZc_NqGmEsfVnt_8xfJk,Bus,44.1442279235749,49
9QEgiYRqSJG3yn7EsBdHn,Bus,40.2646129502841,49
yViPvJ7FZshnCp-M3BzAp,Bus,54.6665457812884,49
UhZhDEe_pYSBJb1XmUdHn,Bus,43.3799899516678,49
su06bTr5aMUAnkdk3YTAJ,Bus,49.0003067022389,49
vIZc_NqGmEsfVnt_8xfJk,Bus,47.5084442169221,49
9QEgiYRqSJG3yn7EsBdHn,Bus,39.7615351711013,49
UhZhDEe_pYSBJb1XmUdHn,Bus,51.1987249331493,49
su06bTr5aMUAnkdk3YTAJ,Bus,49.946970086038,49
yViPvJ7FZshnCp-M3BzAp,Bus,53.6838224064549,49
SCvq5Y3ce2b14_12Ytq5U,Bus,55.0901736129779,49
SCvq5Y3ce2b14_12Ytq5U,Bus,54.6930679790942,49
mNGL6lCQQ9K06QNEu7j30,Bus,59.5117739758002,49
