H3_Hex_ID,Population_2018,Jobs_In_Hex,Boarding_Total_Hex,Underserved_Score
883e604801fffff,1889,4529,0.0,0.04950819672131146
883e604805fffff,1889,4853,0.0,0.04950819672131146
883e604807fffff,1889,2713,0.0,0.04950819672131146
883e604809fffff,1793,310,0.0,0.0
883e60480bfffff,1323,443,0.0,0.0
883e60480dfffff,1889,1112,0.0,0.04950819672131146
883e604821fffff,1889,4330,0.0,0.04950819672131146
883e604823fffff,1636,976,0.0,0.0
883e604825fffff,1889,4369,0.0,0.04950819672131146
883e604827fffff,1889,2955,0.0,0.04950819672131146
883e604829fffff,1889,6842,0.0,0.04950819672131146
883e60482bfffff,1889,4319,0.0,0.04950819672131146
883e60482dfffff,1889,4767,0.0,0.04950819672131146
883e604845fffff,1890,2651,0.0,0.06229508196721312
883e604847fffff,1889,794,3852.0,0.0
883e60484dfffff,909,1279,0.0,0.0
883e604861fffff,1889,6142,577.0,0.0
883e604863fffff,1889,4541,0.0,0.04950819672131146
883e604865fffff,1889,4727,425.0,0.0
883e604867fffff,1889,8061,0.0,0.04950819672131146
883e604869fffff,1660,2341,0.0,0.0
883e60486bfffff,1889,3718,547.0,0.0
883e60486dfffff,1320,1864,0.0,0.0
883e604901fffff,996,98,0.0,0.0
883e604903fffff,1889,186,0.0,0.04950819672131146
883e604907fffff,1184,121,0.0,0.0
883e60490bfffff,1889,229,0.0,0.04950819672131146
883e604911fffff,1889,2563,0.0,0.04950819672131146
883e604913fffff,1889,2554,0.0,0.04950819672131146
883e604915fffff,1889,723,55.0,0.0
883e604917fffff,1889,1262,0.0,0.04950819672131146
883e604919fffff,1889,4225,0.0,0.04950819672131146
883e60491bfffff,1889,3842,0.0,0.04950819672131146
883e60491dfffff,1889,1063,99.0,0.0
883e604931fffff,1889,6006,0.0,0.04950819672131146
883e604933fffff,1889,4080,322.0,0.0
883e604935fffff,2524,5461,0.0,0.11770491803278688
883e604937fffff,1889,6580,0.0,0.04950819672131146
883e604939fffff,1889,278,0.0,0.04950819672131146
883e60493bfffff,1889,1440,267.0,0.0
883e60493dfffff,1371,2310,0.0,0.0
883e604943fffff,1819,83,0.0,0.0
883e604951fffff,1889,495,240.0,0.0
883e604953fffff,1889,4241,0.0,0.04950819672131146
883e604955fffff,1889,290,0.0,0.04950819672131146
883e604957fffff,1889,1094,820.0,0.0
883e604959fffff,1889,925,0.0,0.04950819672131146
883e60495bfffff,1889,7066,86.0,0.0
883e60495dfffff,1889,111,0.0,0.04950819672131146
883e604961fffff,108,19,0.0,0.0
883e604969fffff,533,230,0.0,0.0
883e60496dfffff,140,36,0.0,0.0
883e6049a9fffff,1343,990,0.0,0.0
883e6049adfffff,1888,1740,0.0,0.03377049180327868
883e6049c5fffff,1888,460,0.0,0.03377049180327868
883e6049c9fffff,1163,3,0.0,0.0
883e6049cdfffff,1889,2181,0.0,0.04950819672131146
883e6049e1fffff,1888,161,0.0,0.03377049180327868
883e6049e3fffff,1696,79,0.0,0.0
883e6049e5fffff,1888,676,0.0,0.03377049180327868
883e6049e7fffff,1888,383,0.0,0.03377049180327868
883e6049e9fffff,1888,190,0.0,0.03377049180327868
883e6049ebfffff,1881,34,0.0,0.0301639344262295
883e6049edfffff,1888,1046,0.0,0.03377049180327868
883e604b21fffff,2191,1024,0.0,0.07967213114754096
883e604b2dfffff,2192,1034,0.0,0.08524590163934426
883e604b33fffff,953,1291,0.0,0.0
883e604b65fffff,2192,728,0.0,0.08524590163934426
883e604d23fffff,1434,495,0.0,0.0
883e604d25fffff,1157,659,0.0,0.0
883e604d27fffff,1435,819,0.0,0.0
883e604d35fffff,1435,165,0.0,0.0
883e604d37fffff,1301,149,0.0,0.0
883e604d3dfffff,694,79,0.0,0.0
883e604d83fffff,535,6,0.0,0.0
883e604d87fffff,385,15,0.0,0.0
883e604db1fffff,515,119,0.0,0.0
883e604db3fffff,562,158,0.0,0.0
883e604db5fffff,120,0,0.0,0.0
883e604db7fffff,764,474,0.0,0.0
883e604dbdfffff,288,29,0.0,0.0
883e620213fffff,2083,109,0.0,0.07081967213114754
883e620217fffff,3353,329,0.0,0.1698360655737705
883e62021bfffff,3663,156,0.0,0.179672131147541
883e620281fffff,2635,115,0.0,0.1318032786885246
883e620283fffff,2536,32,0.0,0.12
883e620287fffff,2655,14,0.0,0.1324590163934426
883e620289fffff,4871,102,0.0,0.23409836065573775
883e62028bfffff,2706,78,0.0,0.13704918032786884
883e620291fffff,2535,20,0.0,0.11901639344262294
883e620295fffff,2535,32,0.0,0.11901639344262294
883e620299fffff,2075,51,0.0,0.07016393442622954
883e62029dfffff,2538,33,0.0,0.12098360655737705
883e6202b9fffff,2230,21,0.0,0.09180327868852461
883e6202bbfffff,2275,17,0.0,0.10688524590163934
883e6202c1fffff,6294,104,0.0,0.30950819672131147
883e6202c7fffff,5613,135,0.0,0.2773770491803279
883e6202cbfffff,6513,111,0.0,0.3154098360655738
883e6202d1fffff,2317,85,0.0,0.1075409836065574
883e6202d5fffff,3297,148,0.0,0.16459016393442621
883e6202d7fffff,2983,153,0.0,0.14557377049180326
883e6202dbfffff,2189,101,0.0,0.0780327868852459
883e6202ebfffff,5112,143,0.0,0.2524590163934426
883e6202edfffff,3390,341,0.0,0.17114754098360657
883e62108bfffff,2444,161,0.0,0.11278688524590164
883e6210c3fffff,2343,233,0.0,0.10885245901639345
883e6210d5fffff,2435,167,0.0,0.11147540983606558
883e6210d9fffff,3310,208,6636.0,0.0
883e6210dbfffff,4695,664,2340.0,0.0
883e6210ddfffff,2435,272,0.0,0.11147540983606558
883e62121bfffff,1040,116,0.0,0.0
883e621253fffff,2561,673,0.0,0.12393442622950818
883e621259fffff,2487,97,0.0,0.11540983606557376
883e62125bfffff,2596,636,0.0,0.12721311475409836
883e62125dfffff,2487,79,0.0,0.11540983606557376
883e621293fffff,7065,534,0.0,0.3265573770491803
883e621297fffff,5128,346,1457.0,0.0
883e62129bfffff,12233,2817,0.0,0.4291803278688524
883e6212b7fffff,2435,200,0.0,0.11147540983606558
883e621345fffff,246,147,0.0,0.0
883e62134dfffff,246,105,0.0,0.0
883e621361fffff,246,147,0.0,0.0
883e621363fffff,160,95,0.0,0.0
883e621369fffff,246,147,0.0,0.0
883e62136bfffff,246,147,0.0,0.0
883e62136dfffff,246,147,0.0,0.0
883e621401fffff,13432,4843,0.0,0.4459016393442623
883e621403fffff,2568,1888,0.0,0.12524590163934424
883e621405fffff,7532,2556,0.0,0.340327868852459
883e621407fffff,11781,4546,0.0,0.420327868852459
883e621409fffff,13433,4843,0.0,0.4465573770491803
883e62140bfffff,6427,2536,0.0,0.31245901639344265
883e62140dfffff,20025,5373,0.0,0.5088524590163934
883e621411fffff,1641,308,0.0,0.0
883e621413fffff,1646,166,0.0,0.0
883e621415fffff,1427,1770,0.0,0.0
883e621417fffff,1646,304,0.0,0.0
883e621419fffff,873,822,0.0,0.0
883e62141bfffff,1449,214,0.0,0.0
883e62141dfffff,870,824,0.0,0.0
883e621429fffff,1445,194,0.0,0.0
883e62142bfffff,1445,196,0.0,0.0
883e62142dfffff,1494,132,0.0,0.0
883e621439fffff,1588,3167,0.0,0.0
883e62143bfffff,1640,577,0.0,0.0
883e62143dfffff,2105,541,0.0,0.0724590163934426
883e621441fffff,7041,1721,0.0,0.3259016393442623
883e621445fffff,14656,9405,19441.0,0.0
883e621447fffff,13482,4896,0.0,0.4472131147540983
883e621449fffff,3292,667,0.0,0.1622950819672131
883e62144dfffff,3292,1177,2424.0,0.0
883e621451fffff,2232,527,0.0,0.09245901639344262
883e621453fffff,774,869,0.0,0.0
883e621457fffff,774,745,0.0,0.0
883e621459fffff,2390,511,0.0,0.11016393442622952
883e62145bfffff,774,697,0.0,0.0
883e621461fffff,9921,2902,9418.0,0.0
883e621463fffff,1724,270,0.0,0.0
883e621465fffff,5197,386,0.0,0.25704918032786883
883e621467fffff,1446,190,0.0,0.0
883e621469fffff,33551,10533,0.0,0.5606557377049181
883e62146bfffff,18488,11872,6808.0,0.0
883e62146dfffff,29154,1739,3439.0,0.02688524590163932
883e6214edfffff,1646,303,0.0,0.0
883e621503fffff,9089,455,0.0,0.37836065573770494
883e621505fffff,3110,258,0.0,0.15147540983606556
883e62150bfffff,5953,186,0.0,0.2973770491803279
883e621511fffff,4953,280,0.0,0.23803278688524587
883e621513fffff,3638,322,0.0,0.179016393442623
883e621515fffff,7940,1291,0.0,0.3501639344262295
883e621517fffff,1444,367,0.0,0.0
883e621519fffff,4719,369,0.0,0.2288524590163934
883e62151bfffff,4286,396,0.0,0.21311475409836067
883e62151dfffff,7531,195,0.0,0.339672131147541
883e621521fffff,8525,393,0.0,0.3632786885245901
883e621523fffff,9625,167,0.0,0.3875409836065574
883e621525fffff,12151,195,0.0,0.42688524590163934
883e621527fffff,7312,235,0.0,0.33245901639344266
883e621529fffff,3044,326,0.0,0.1501639344262295
883e62152bfffff,5430,355,0.0,0.2675409836065574
883e62152dfffff,6811,105,0.0,0.32196721311475407
883e621531fffff,915,33,0.0,0.0
883e621535fffff,4907,55,0.0,0.23475409836065575
883e621537fffff,1508,25,0.0,0.0
883e621539fffff,6066,3287,0.0,0.299672131147541
883e62153bfffff,4042,2008,0.0,0.1934426229508197
883e621549fffff,3595,505,0.0,0.17770491803278687
883e62154bfffff,3498,226,0.0,0.17639344262295087
883e621551fffff,4287,396,0.0,0.21442622950819668
883e621553fffff,4141,383,0.0,0.19606557377049183
883e621557fffff,4287,396,65.0,0.0
883e621559fffff,4287,396,0.0,0.21442622950819668
883e62155bfffff,2524,272,0.0,0.11770491803278688
883e62155dfffff,4129,179,53.0,0.0
883e621563fffff,3268,139,0.0,0.1580327868852459
883e6215c5fffff,2350,177,0.0,0.10950819672131146
883e6215c7fffff,881,7,0.0,0.0
883e6215cdfffff,4285,354,0.0,0.21245901639344267
883e6215e1fffff,881,11,0.0,0.0
883e6215e3fffff,839,6,0.0,0.0
883e6215e5fffff,881,9,0.0,0.0
883e6215e7fffff,964,27,0.0,0.0
883e6215edfffff,881,11,0.0,0.0
883e621625fffff,3274,1242,96.0,0.0
883e621627fffff,3292,1156,0.0,0.1622950819672131
883e62162dfffff,3178,1308,0.0,0.15344262295081967
883e621665fffff,6854,2462,0.0,0.3226229508196722
883e621667fffff,2847,824,1071.0,0.0
883e62166dfffff,13667,1456,1011.0,0.02688524590163932
883e6216a5fffff,773,397,0.0,0.0
883e621701fffff,5708,2161,0.0,0.28196721311475414
883e621705fffff,5590,2651,62.0,0.0
883e621707fffff,5590,2991,0.0,0.27442622950819673
883e62170bfffff,9281,439,873.0,0.0
883e621711fffff,18617,1290,0.0,0.4937704918032787
883e621713fffff,13509,1785,0.0,0.4478688524590164
883e621715fffff,9335,536,0.0,0.38393442622950824
883e621717fffff,27980,1668,0.0,0.5429508196721311
883e621719fffff,5083,1018,0.0,0.25016393442622953
883e62171bfffff,3292,1177,748.0,0.0
883e62171dfffff,9336,536,0.0,0.3849180327868853
883e621729fffff,5590,3117,3870.0,0.0
883e62172bfffff,5590,3117,3138.0,0.0
883e62172dfffff,4975,1384,0.0,0.238688524590164
883e621733fffff,8862,523,0.0,0.3724590163934426
883e621735fffff,4343,1283,0.0,0.2177049180327869
883e62173bfffff,9335,536,1872.0,0.0
883e62173dfffff,5589,3117,0.0,0.27278688524590167
883e621741fffff,9628,4526,2376.0,0.0
883e621749fffff,12232,5506,0.0,0.42819672131147546
883e62174dfffff,11076,3868,0.0,0.41377049180327874
883e621751fffff,13914,3160,0.0,0.45377049180327866
883e621753fffff,3179,1570,232.0,0.0
883e621755fffff,10144,801,2170.0,0.0
883e621757fffff,8652,651,0.0,0.36786885245901635
883e621759fffff,23062,6387,0.0,0.5219672131147541
883e62175bfffff,3392,1618,0.0,0.17180327868852463
883e62175dfffff,23595,5969,2081.0,0.04327868852459016
883e621761fffff,4768,708,0.0,0.2308196721311475
883e621767fffff,4756,858,0.0,0.2301639344262295
883e621769fffff,4806,768,0.0,0.23213114754098363
883e628003fffff,9296,1067,566.0,0.0
883e628009fffff,5009,499,0.0,0.2419672131147541
883e62800bfffff,5912,830,0.0,0.2891803278688525
883e628011fffff,9295,1496,0.0,0.38229508196721307
883e628013fffff,18567,11789,455.0,0.10622950819672128
883e628015fffff,8465,793,5416.0,0.0
883e628019fffff,8780,1492,1151.0,0.0
883e62801bfffff,21124,4336,8321.0,0.0
883e62801dfffff,8886,1422,313.0,0.0009836065573769481
883e628029fffff,8188,1418,0.0,0.358688524590164
883e62802bfffff,4674,17,0.0,0.22622950819672127
883e628031fffff,7324,728,0.0,0.33377049180327867
883e628033fffff,8980,556,40.0,0.044590163934426164
883e628035fffff,7337,645,0.0,0.33442622950819667
883e628037fffff,11809,1773,323.0,0.04590163934426239
883e62803dfffff,5065,96,0.0,0.24852459016393447
883e628041fffff,5883,636,0.0,0.2878688524590164
883e628043fffff,5009,702,0.0,0.2419672131147541
883e628047fffff,5009,473,0.0,0.2419672131147541
883e628049fffff,8100,814,0.0,0.35672131147540986
883e62804dfffff,6434,615,0.0,0.3134426229508197
883e628053fffff,3450,481,0.0,0.17508196721311475
883e628055fffff,5010,603,1026.0,0.0
883e628059fffff,5919,1930,0.0,0.2911475409836065
883e62805bfffff,5820,1364,0.0,0.28524590163934427
883e628065fffff,1201,222,0.0,0.0
883e628067fffff,9910,2411,0.0,0.39344262295081966
883e628081fffff,46525,21299,2198.0,0.12196721311475411
883e628083fffff,29221,8590,103.0,0.20000000000000007
883e628085fffff,26722,29813,39096.0,0.0
883e628087fffff,45273,6217,5612.0,0.049180327868852514
883e628089fffff,49431,22382,11720.0,0.0013114754098360049
883e62808bfffff,40339,18921,8468.0,0.0
883e62808dfffff,43444,29179,37004.0,0.0
883e628091fffff,36520,4224,9491.0,0.0
883e628093fffff,26052,10250,20043.0,0.0
883e628095fffff,43613,5484,3885.0,0.06688524590163925
883e628097fffff,70853,10991,13086.0,0.03868852459016392
883e628099fffff,41434,4443,7813.0,0.00721311475409836
883e62809bfffff,67107,5408,6854.0,0.08196721311475408
883e62809dfffff,14629,4387,4858.0,0.0
883e6280a1fffff,40897,13231,15753.0,0.0
883e6280a3fffff,58647,14671,4095.0,0.11016393442622952
883e6280a5fffff,26706,4729,2921.0,0.0298360655737705
883e6280a7fffff,45906,15413,30669.0,0.0
883e6280a9fffff,28240,11866,41389.0,0.0
883e6280abfffff,50689,13438,20374.0,0.0
883e6280b1fffff,71616,10579,7905.0,0.07606557377049172
883e6280b3fffff,66087,11087,4403.0,0.11278688524590164
883e6280b5fffff,46480,5201,0.0,0.6052459016393442
883e6280b7fffff,55948,8230,4699.0,0.09114754098360656
883e6280b9fffff,71564,10531,0.0,0.6570491803278689
883e6280bbfffff,89153,13150,8640.0,0.07999999999999996
883e6280bdfffff,58484,7754,22272.0,0.0
883e6280c1fffff,55862,24283,20055.0,0.0
883e6280c3fffff,54808,24385,3775.0,0.10688524590163939
883e6280c5fffff,46972,25336,19765.0,0.0
883e6280c7fffff,56480,25008,116.0,0.2849180327868852
883e6280c9fffff,45074,11682,620.0,0.19934426229508195
883e6280cbfffff,52629,20508,0.0,0.6255737704918033
883e6280cdfffff,43700,15781,0.0,0.5940983606557377
883e6280d1fffff,40042,18758,17117.0,0.0
883e6280d3fffff,18816,4767,17332.0,0.0
883e6280d5fffff,40760,19152,11879.0,0.0
883e6280d7fffff,19225,7365,0.0,0.5003278688524591
883e6280d9fffff,40763,19153,9889.0,0.0
883e6280dbfffff,29250,12852,0.0,0.5468852459016393
883e6280ddfffff,42989,19982,8411.0,0.003278688524590123
883e6280e1fffff,4745,728,0.0,0.2295081967213115
883e6280e7fffff,5645,552,0.0,0.2780327868852459
883e6280ebfffff,21897,24370,30363.0,0.0
883e628109fffff,4931,422,0.0,0.23606557377049175
883e62811bfffff,5377,137,0.0,0.2629508196721312
883e628121fffff,2681,40,0.0,0.13508196721311477
883e628123fffff,3399,21,0.0,0.17245901639344263
883e628125fffff,2617,45,0.0,0.12885245901639342
883e628133fffff,6316,1324,0.0,0.31016393442622947
883e628137fffff,5240,757,0.0,0.25770491803278683
883e628143fffff,6187,4414,0.0,0.30557377049180323
883e628147fffff,5158,710,0.0,0.2550819672131147
883e62814bfffff,6198,2336,0.0,0.3072131147540984
883e628151fffff,3624,690,0.0,0.17836065573770488
883e628155fffff,9892,2424,0.0,0.39213114754098366
883e62815dfffff,6198,3173,0.0,0.3072131147540984
883e628181fffff,53159,9991,0.0,0.6281967213114754
883e628183fffff,59539,14184,5521.1610746131055,0.09180327868852456
883e628185fffff,52951,10260,5686.0,0.0727868852459016
883e628187fffff,31327,25674,7276.641051495033,0.0
883e628189fffff,51199,10001,72.0,0.2767213114754098
883e62818bfffff,63097,12603,21740.0,0.0
883e62818dfffff,44361,8286,12854.0,0.0
883e628193fffff,46472,15114,676.0,0.20196721311475407
883e628197fffff,6781,7569,6466.0,0.0
883e628199fffff,30095,11132,4318.0,0.015737704918032835
883e62819bfffff,39632,9533,2638.0,0.07999999999999996
883e62819dfffff,31676,16368,45765.0,0.0
883e6281a1fffff,67119,18884,0.0,0.6511475409836066
883e6281a3fffff,37489,29136,260.0,0.2065573770491803
883e6281a5fffff,37294,10254,0.0,0.5731147540983607
883e6281a7fffff,58615,15722,0.0,0.6386885245901639
883e6281a9fffff,53158,9990,0.0,0.6275409836065574
883e6281abfffff,40033,27086,4102.0,0.05049180327868852
883e6281adfffff,39462,9192,2550.0,0.08262295081967219
883e6281b1fffff,15606,24844,4243.0,0.0
883e6281b3fffff,4273,10091,5973.0,0.0
883e6281b5fffff,11251,26615,8219.0,0.0
883e6281b7fffff,12844,26583,4750.0,0.0
883e6281b9fffff,22315,28411,21564.0,0.0
883e6281bbfffff,10001,17593,6468.0,0.0
883e6281bdfffff,16201,26455,9567.0,0.0
883e6281c3fffff,51295,10232,771.0,0.2108196721311475
883e6281c5fffff,29705,4101,0.0,0.5495081967213115
883e6281c7fffff,35143,6508,0.0,0.5645901639344262
883e6281cbfffff,40095,7830,0.0,0.5822950819672131
883e6281d1fffff,51263,15933,3362.0,0.10032786885245903
883e6281d3fffff,50994,10217,8927.0,0.02163934426229508
883e6281d5fffff,51411,15395,1595.0,0.16459016393442616
883e6281d7fffff,51255,19463,25147.0,0.0
883e6281d9fffff,49548,20291,29604.0,0.0
883e6281ddfffff,51295,10232,0.0,0.6186885245901639
883e6281e1fffff,27549,4412,0.0,0.5416393442622951
883e6281e3fffff,45874,8519,1517.8772596192093,0.14819672131147543
883e6281e5fffff,7161,2494,774.0,0.0
883e6281e7fffff,31463,6137,1869.6433447034813,0.08196721311475419
883e6281ebfffff,29702,5254,2859.0,0.044590163934426275
883e628201fffff,4309,527,0.0,0.2157377049180328
883e628211fffff,3277,116,0.0,0.15934426229508197
883e628221fffff,4000,251,1591.0,0.0
883e628223fffff,6138,1320,0.0,0.30393442622950817
883e628227fffff,8101,1004,0.0,0.35737704918032787
883e62822dfffff,3421,433,0.0,0.17377049180327864
883e628231fffff,5920,3303,0.0,0.29377049180327863
883e628233fffff,5919,3481,8968.0,0.0
883e628239fffff,5920,2502,0.0,0.29377049180327863
883e62823bfffff,5920,3277,0.0,0.29377049180327863
883e628253fffff,3901,156,0.0,0.18688524590163935
883e628257fffff,3902,200,0.0,0.1878688524590164
883e628281fffff,5314,231,0.0,0.25901639344262295
883e62828bfffff,5315,158,0.0,0.25967213114754095
883e628291fffff,5427,653,0.0,0.26655737704918037
883e628293fffff,5427,684,0.0,0.26655737704918037
883e628297fffff,11247,3404,0.0,0.41573770491803275
883e62829bfffff,5521,365,0.0,0.26950819672131143
883e6282a1fffff,10311,312,0.0,0.40262295081967214
883e6282a3fffff,13992,3550,471.0,0.06688524590163925
883e6282a5fffff,7539,811,3482.0,0.0
883e6282a7fffff,25962,5527,186.0,0.1754098360655737
883e6282a9fffff,10530,152,0.0,0.4085245901639344
883e6282abfffff,3448,286,0.0,0.17442622950819675
883e6282adfffff,7286,1165,2349.0,0.0
883e6282b3fffff,40766,19155,5650.0,0.03344262295081957
883e6282b5fffff,41194,12192,1970.0,0.11081967213114752
883e6282b7fffff,45400,20881,13.0,0.27278688524590167
883e6282cbfffff,3505,242,0.0,0.17704918032786887
883e6282e1fffff,5919,3465,1809.0,0.0
883e6282e3fffff,6143,1198,0.0,0.30491803278688523
883e6282e5fffff,5919,3383,0.0,0.2911475409836065
883e6282e7fffff,6247,2760,0.0,0.30819672131147546
883e6282e9fffff,5834,3254,0.0,0.28590163934426227
883e6282edfffff,5919,2801,8401.0,0.0
883e628331fffff,7391,1248,0.0,0.3370491803278689
883e628335fffff,7232,1011,0.0,0.32918032786885243
883e628339fffff,5670,772,0.0,0.28
883e62833bfffff,5093,881,0.0,0.2511475409836066
883e62833dfffff,7731,997,0.0,0.34622950819672127
883e628351fffff,5727,5414,1657.0,0.0
883e628359fffff,4259,2378,0.0,0.2052459016393443
883e62835dfffff,5737,3762,5276.0,0.0
883e628401fffff,969,1137,0.0,0.0
883e628403fffff,969,1137,8881.0,0.0
883e628405fffff,988,1147,0.0,0.0
883e628407fffff,969,1137,0.0,0.0
883e628409fffff,7342,3613,0.0,0.3357377049180328
883e62840bfffff,969,1137,0.0,0.0
883e62840dfffff,6522,4142,478.0,0.0
883e628411fffff,969,1137,0.0,0.0
883e628413fffff,969,721,0.0,0.0
883e628415fffff,969,1137,0.0,0.0
883e628417fffff,969,900,0.0,0.0
883e628419fffff,969,1137,0.0,0.0
883e62841bfffff,969,923,0.0,0.0
883e62841dfffff,969,1137,0.0,0.0
883e628421fffff,978,1141,0.0,0.0
883e628423fffff,969,1137,4660.0,0.0
883e628425fffff,969,1137,0.0,0.0
883e628427fffff,969,1137,1863.3522226548118,0.0
883e628429fffff,5759,3502,3272.0,0.0
883e62842bfffff,969,1137,7259.527608802393,0.0
883e62842dfffff,8696,4942,0.0,0.36983606557377047
883e628431fffff,969,794,0.0,0.0
883e628439fffff,969,1137,0.0,0.0
883e62843bfffff,969,1040,0.0,0.0
883e62843dfffff,969,1106,3114.0,0.0
883e628441fffff,20640,4915,0.0,0.5121311475409837
883e628443fffff,19968,5058,549.0,0.11344262295081975
883e628445fffff,20433,4959,0.0,0.5101639344262295
883e628447fffff,19470,5052,807.0,0.09114754098360656
883e628449fffff,26134,3310,6908.0,0.0
883e62844bfffff,20571,4930,0.0,0.5114754098360655
883e62844dfffff,25217,3330,0.0,0.5291803278688525
883e628451fffff,11691,4039,4596.547233145495,0.0
883e628453fffff,2129,1770,0.0,0.07540983606557378
883e628455fffff,7545,3369,1530.0,0.0
883e628457fffff,969,1137,0.0,0.0
883e628459fffff,19968,5058,8554.0,0.0
883e62845bfffff,17352,5023,0.0,0.4839344262295082
883e62845dfffff,19968,5058,0.0,0.5075409836065574
883e628461fffff,27503,7470,6940.0,0.0
883e628463fffff,7694,4733,786.0,0.0
883e628465fffff,12068,6018,1064.0,0.0
883e628467fffff,10423,5793,4158.0,0.0
883e628469fffff,49327,8771,0.0,0.6118032786885246
883e62846bfffff,18047,5218,7334.0,0.0
883e62846dfffff,80854,13635,16092.0,0.04065573770491804
883e6284a3fffff,199,474,0.0,0.0
883e6284a7fffff,199,474,0.0,0.0
883e6284adfffff,4099,919,0.0,0.19475409836065571
883e6284b5fffff,2041,1991,11172.0,0.0
883e6284b7fffff,2242,852,2297.0,0.0
883e6284c7fffff,969,755,0.0,0.0
883e6284c9fffff,969,447,0.0,0.0
883e6284cbfffff,969,792,0.0,0.0
883e628501fffff,8645,12899,3148.0,0.0
883e628503fffff,8488,8240,1705.0,0.0
883e628505fffff,11165,9745,2959.0,0.0
883e628507fffff,8681,7312,0.0,0.36918032786885246
883e628509fffff,15992,15384,10878.0,0.0
883e62850bfffff,10300,9905,16818.0,0.0
883e62850dfffff,10322,12715,33581.0,0.0
883e628511fffff,6713,6784,0.0,0.319016393442623
883e628513fffff,3902,2876,2202.0,0.0
883e628515fffff,6138,7589,1589.0,0.0
883e628517fffff,5554,6943,3714.092524384774,0.0
883e628519fffff,1568,1708,3234.0,0.0
883e62851bfffff,969,1137,0.0,0.0
883e62851dfffff,9790,9555,3674.0,0.0
883e628521fffff,4424,1987,424.0,0.0
883e628523fffff,1893,4173,3945.0,0.0
883e628525fffff,3835,2635,8489.0,0.0
883e628527fffff,720,2027,6176.0,0.0
883e628529fffff,9648,7088,0.0,0.3888524590163934
883e62852bfffff,12369,7077,0.0,0.4334426229508197
883e62852dfffff,4253,3348,4659.0,0.0
883e628531fffff,15912,15856,32588.33620304491,0.0
883e628533fffff,22131,15629,6254.0,0.0
883e628535fffff,10143,14960,7084.0,0.0
883e628537fffff,16204,15711,0.0,0.47606557377049186
883e628539fffff,8007,7227,12436.0,0.0
883e62853bfffff,11839,10525,26046.579686078072,0.0
883e62853dfffff,9995,9954,4134.228039147461,0.0
883e628541fffff,47457,12408,18056.0,0.0
883e628543fffff,29856,13338,11703.0,0.0
883e628545fffff,35717,12520,11931.0,0.0
883e628547fffff,26851,20030,3409.0,0.020983606557377077
883e628549fffff,49106,15412,1300.0,0.1685245901639344
883e62854bfffff,15014,7698,1280.0,0.023606557377049198
883e62854dfffff,41610,8317,25391.0,0.0
883e628551fffff,15272,10389,8053.0,0.0
883e628553fffff,10360,6751,6017.0,0.0
883e628555fffff,21110,15556,1519.0,0.05901639344262288
883e628557fffff,13723,10878,18983.0,0.0
883e628559fffff,16323,6621,55308.0,0.0
883e62855bfffff,10423,5793,14901.0,0.0
883e62855dfffff,16960,10789,5595.0,0.0
883e628561fffff,16684,7926,2977.0,0.0
883e628563fffff,12971,10268,4453.0,0.0
883e628565fffff,37617,8685,21217.0,0.0
883e628567fffff,7339,7569,2932.0,0.0
883e628569fffff,16198,7983,2263.0,0.0
883e62856bfffff,18491,9946,8651.0,0.0
883e62856dfffff,63465,12161,30014.0,0.0
883e628583fffff,10401,1033,5533.0,0.0
883e628585fffff,7563,3423,11011.0,0.0
883e628587fffff,7195,2809,10236.0,0.0
883e62858dfffff,10586,1770,7933.0,0.0
883e628591fffff,1559,552,288.0,0.0
883e628593fffff,199,393,2542.0,0.0
883e628597fffff,199,457,0.0,0.0
883e62859bfffff,200,469,0.0,0.0
883e6285a1fffff,2779,2280,0.0,0.13901639344262295
883e6285a7fffff,3994,1537,0.0,0.1908196721311476
883e6285a9fffff,6058,4899,22143.0,0.0
883e6285abfffff,5982,2481,2139.0,0.0
883e6285adfffff,2997,2452,2571.0,0.0
883e6285b1fffff,4673,2081,7658.0,0.0
883e6285b3fffff,2112,183,0.0,0.07409836065573772
883e6285b7fffff,4035,522,0.0,0.1927868852459016
883e6285b9fffff,5873,3161,0.0,0.2865573770491803
883e6285bbfffff,199,486,0.0,0.0
883e6285bdfffff,6112,2530,0.0,0.3016393442622951
883e6285c1fffff,2618,1185,15392.0,0.0
883e6285c3fffff,8540,1243,0.0,0.3639344262295082
883e6285c5fffff,8039,1556,9482.0,0.0
883e6285c7fffff,10425,1417,0.0,0.4072131147540984
883e6285c9fffff,969,1136,0.0,0.0
883e6285cbfffff,969,1131,0.0,0.0
883e6285cdfffff,969,1136,0.0,0.0
883e6285d1fffff,8337,850,0.0,0.36
883e6285d9fffff,969,731,0.0,0.0
883e6285dbfffff,1795,946,0.0,0.0
883e6285ddfffff,2924,1171,430.0,0.0
883e6285e1fffff,11355,3448,0.0,0.41704918032786886
883e6285e3fffff,10234,4080,7699.0,0.0
883e6285e5fffff,19298,12188,16530.0,0.0
883e6285e7fffff,8971,3599,0.0,0.3763934426229508
883e6285e9fffff,8927,2071,0.0,0.3750819672131147
883e6285ebfffff,10624,2525,1844.0,0.0
883e6285edfffff,19330,12715,0.0,0.5022950819672131
883e628601fffff,5921,316,0.0,0.2954098360655738
883e628603fffff,5940,317,0.0,0.29639344262295086
883e628605fffff,8135,894,0.0,0.35803278688524587
883e628607fffff,7819,573,0.0,0.3481967213114754
883e628609fffff,3225,188,0.0,0.1560655737704918
883e62860bfffff,5061,275,0.0,0.24655737704918035
883e62860dfffff,5921,316,0.0,0.2954098360655738
883e628611fffff,15107,1164,0.0,0.46622950819672127
883e628613fffff,18382,2114,3181.0,0.0
883e628615fffff,7088,409,0.0,0.3272131147540983
883e628617fffff,17982,1430,1665.0,0.02065573770491802
883e62861bfffff,14912,1759,0.0,0.46426229508196726
883e62861dfffff,5882,314,0.0,0.2872131147540984
883e628621fffff,15658,2664,2090.0,0.0
883e628623fffff,12868,2001,128.0,0.08655737704918032
883e628625fffff,45208,6750,0.0,0.599344262295082
883e628627fffff,19164,2759,0.0,0.49836065573770494
883e628629fffff,12356,1996,0.0,0.4327868852459016
883e62862bfffff,13004,2157,0.0,0.43868852459016394
883e62862dfffff,10120,3781,0.0,0.3986885245901639
883e628631fffff,9769,940,172.0,0.035409836065573796
883e628633fffff,19195,3644,0.0,0.49967213114754094
883e628635fffff,11925,1459,0.0,0.4249180327868852
883e628637fffff,19472,4865,0.0,0.5042622950819672
883e628639fffff,8011,422,0.0,0.35540983606557375
883e62863bfffff,14758,1103,0.0,0.46229508196721314
883e62863dfffff,8294,509,1178.0,0.0
883e628641fffff,9073,2660,0.0,0.37770491803278683
883e628643fffff,140,36,0.0,0.0
883e628645fffff,8595,6068,1540.0,0.0
883e628647fffff,3286,191,0.0,0.15999999999999998
883e628649fffff,17062,3626,0.0,0.48163934426229504
883e62864bfffff,3420,1895,0.0,0.17311475409836063
883e62864dfffff,7713,6361,2232.0,0.0
883e628655fffff,140,35,0.0,0.0
883e628657fffff,454,45,0.0,0.0
883e628661fffff,12796,2086,536.0,0.042622950819672156
883e628663fffff,9916,1359,0.0,0.39409836065573767
883e628667fffff,13096,2189,0.0,0.44196721311475407
883e628669fffff,9704,2505,1772.0,0.0
883e62866bfffff,7687,963,0.0,0.34426229508196726
883e62866dfffff,14198,2035,0.0,0.4583606557377049
883e628681fffff,5050,160,0.0,0.24524590163934423
883e628685fffff,7843,1202,0.0,0.3488524590163934
883e628689fffff,8675,937,0.0,0.36852459016393446
883e62868bfffff,4992,121,0.0,0.24
883e62868dfffff,10679,1598,0.0,0.4111475409836065
883e62869dfffff,1528,37,0.0,0.0
883e6286a1fffff,4658,3151,0.0,0.22426229508196727
883e6286a3fffff,748,878,0.0,0.0
883e6286a5fffff,969,1137,0.0,0.0
883e6286a9fffff,10592,3914,2341.0,0.0
883e6286adfffff,7780,4596,0.0,0.3475409836065574
883e6286b5fffff,788,812,0.0,0.0
883e6286c3fffff,25579,476,0.0,0.5311475409836065
883e6286c5fffff,17644,2655,1040.0,0.05573770491803276
883e6286c7fffff,11813,1508,0.0,0.4216393442622951
883e6286cbfffff,11623,2906,0.0,0.41770491803278686
883e6286cdfffff,18231,2487,0.0,0.48852459016393446
883e6286d1fffff,1888,6579,0.0,0.03377049180327868
883e6286d3fffff,1660,5602,0.0,0.0
883e6286d5fffff,8612,1034,0.0,0.36590163934426234
883e6286d9fffff,1888,6580,0.0,0.03377049180327868
883e6286dbfffff,1888,4661,434.0,0.0
883e6286ddfffff,9227,5239,0.0,0.38098360655737706
883e6286e1fffff,18865,2945,6828.0,0.0
883e6286e3fffff,15678,2439,0.0,0.4708196721311475
883e6286e5fffff,19338,3850,12018.921836223506,0.0
883e6286e7fffff,19049,3313,11298.0,0.0
883e6286e9fffff,18581,2457,1743.0,0.024918032786885314
883e6286ebfffff,13106,2028,197.0,0.08262295081967219
883e6286edfffff,18335,2036,1670.0,0.02327868852459014
883e628701fffff,53686,18023,0.0,0.6288524590163934
883e628703fffff,72912,15396,1014.0,0.2337704918032787
883e628705fffff,38205,11000,0.0,0.5757377049180328
883e628707fffff,76579,17120,8662.0,0.07147540983606548
883e628709fffff,51306,18349,872.0,0.2039344262295082
883e62870bfffff,59077,14348,1622.0,0.179672131147541
883e62870dfffff,51306,18349,0.0,0.62
883e628711fffff,51645,7325,0.0,0.6249180327868853
883e628713fffff,34658,5736,6362.0,0.0006557377049180024
883e628715fffff,58793,11673,6941.0,0.06885245901639347
883e628717fffff,68141,12820,22983.0,0.004590163934426239
883e628719fffff,51387,7413,0.0,0.6229508196721312
883e62871bfffff,36868,5160,0.0,0.5711475409836065
883e62871dfffff,58167,9835,2972.0,0.12852459016393447
883e628721fffff,28896,3014,1333.0,0.09967213114754092
883e628723fffff,76723,14942,2423.0,0.17114754098360663
883e628725fffff,66989,4410,26180.0,0.0
883e628727fffff,92170,8353,17993.0,0.03672131147540991
883e628729fffff,21036,4895,0.0,0.5134426229508197
883e62872bfffff,77745,9102,9887.0,0.06491803278688524
883e62872dfffff,14047,4511,180.0,0.09967213114754092
883e628731fffff,71868,16505,1400.0,0.21049180327868855
883e628733fffff,75685,14694,12582.0,0.04590163934426228
883e628735fffff,58111,16674,4955.0,0.09245901639344267
883e628737fffff,57013,13783,1269.0,0.1940983606557377
883e628739fffff,60950,14440,19282.0,0.0026229508196721207
883e62873bfffff,82820,13835,18567.0,0.03147540983606556
883e62873dfffff,73740,16325,8697.0,0.06754098360655736
883e628741fffff,33197,11244,0.0,0.5593442622950819
883e628743fffff,51317,17521,0.0,0.6216393442622951
883e628745fffff,7733,1579,0.0,0.3468852459016394
883e628747fffff,51311,18351,2364.0,0.1311475409836066
883e628749fffff,5484,927,0.0,0.26819672131147543
883e62874bfffff,36988,11734,0.0,0.5724590163934427
883e62874dfffff,5602,331,0.0,0.2760655737704918
883e628751fffff,23950,5220,0.0,0.5252459016393443
883e628753fffff,21509,6031,4101.0,0.0
883e628755fffff,51344,13681,8221.0,0.037377049180327804
883e628757fffff,50933,7392,23057.0,0.0
883e62875bfffff,8886,4442,888.0,0.0
883e62875dfffff,21934,4539,0.0,0.5180327868852459
883e628761fffff,19260,7384,0.0,0.5009836065573771
883e628763fffff,30323,10563,0.0,0.5521311475409836
883e628765fffff,36838,17005,0.0,0.5704918032786885
883e628767fffff,14012,4511,0.0,0.4550819672131148
883e628769fffff,26973,11745,0.0,0.539672131147541
883e62876bfffff,33446,11706,5372.0,0.012459016393442712
883e62876dfffff,40762,19152,2921.0,0.0783606557377049
883e628813fffff,7890,2198,0.0,0.3495081967213115
883e628819fffff,7470,2835,113.0,0.0
883e62881bfffff,6763,2660,0.0,0.31999999999999995
883e628831fffff,0,1932,0.0,0.0
883e628833fffff,0,2801,0.0,0.0
883e628837fffff,0,2472,0.0,0.0
883e62883bfffff,0,1496,0.0,0.0
883e628851fffff,4594,1744,64.0,0.0
883e628853fffff,7977,3028,0.0,0.35245901639344257
883e628859fffff,3120,784,0.0,0.1521311475409836
883e62885bfffff,7978,3028,0.0,0.35409836065573774
883e628881fffff,15724,3614,1250.0,0.03213114754098367
883e628883fffff,13911,1649,0.0,0.45311475409836066
883e628887fffff,15657,2003,0.0,0.4695081967213115
883e628889fffff,21491,5007,19122.0,0.0
883e62888bfffff,24326,9195,1406.0,0.07868852459016396
883e62888dfffff,14805,3393,0.0,0.46295081967213114
883e628891fffff,18087,1987,428.0,0.10491803278688527
883e628893fffff,14949,1610,0.0,0.46491803278688526
883e628895fffff,13189,1519,0.0,0.4439344262295082
883e628897fffff,4671,632,2596.0,0.0
883e628899fffff,46396,9251,0.0,0.6039344262295082
883e62889bfffff,22871,2510,691.0,0.11737704918032787
883e62889dfffff,23728,6502,17277.0,0.0
883e6288b1fffff,9116,861,48.0,0.04491803278688522
883e6288b3fffff,2631,97,0.0,0.13114754098360654
883e6288b7fffff,2487,75,0.0,0.11540983606557376
883e6288b9fffff,13907,1580,0.0,0.45245901639344266
883e6288bbfffff,6970,751,0.0,0.3252459016393443
883e6288bdfffff,15968,3161,0.0,0.4727868852459016
883e6288c1fffff,29317,5684,0.0,0.5475409836065573
883e6288c3fffff,37506,7831,19127.0,0.0
883e6288c5fffff,25268,4883,0.0,0.5298360655737705
883e6288c7fffff,27066,5167,4561.753639015045,0.0026229508196721207
883e6288c9fffff,19860,2300,418.0,0.12590163934426224
883e6288cbfffff,44862,9457,269.0,0.2275409836065574
883e6288cdfffff,4951,1719,0.0,0.23737704918032787
883e6288d1fffff,35145,20863,23320.0,0.0
883e6288d3fffff,64495,11744,5358.0,0.10032786885245903
883e6288d5fffff,32100,12578,9787.0,0.0
883e6288d7fffff,30489,12964,0.0,0.5527868852459017
883e6288d9fffff,44970,9487,0.0,0.5970491803278688
883e6288dbfffff,38631,18443,9004.0,0.0
883e6288ddfffff,44970,9487,0.0,0.5970491803278688
883e6288e1fffff,7350,2495,0.0,0.3363934426229508
883e6288e5fffff,0,1709,5721.0,0.0
883e6288ebfffff,20920,3994,6227.0,0.0
883e628901fffff,133,580,447.0,0.0
883e628903fffff,155,530,1019.0,0.0
883e628905fffff,246,1291,0.0,0.0
883e628907fffff,246,1147,0.0,0.0
883e628909fffff,89,301,0.0,0.0
883e62890bfffff,89,304,0.0,0.0
883e62890dfffff,112,199,600.0,0.0
883e628911fffff,89,818,0.0,0.0
883e628913fffff,89,818,0.0,0.0
883e628915fffff,177,1126,311.0,0.0
883e628917fffff,199,1211,1455.0,0.0
883e628919fffff,89,599,0.0,0.0
883e62891bfffff,89,745,0.0,0.0
883e62891dfffff,89,795,0.0,0.0
883e628921fffff,246,12,0.0,0.0
883e628923fffff,246,12,0.0,0.0
883e628925fffff,246,12,0.0,0.0
883e628927fffff,246,12,0.0,0.0
883e628929fffff,246,45,0.0,0.0
883e628931fffff,246,705,0.0,0.0
883e628935fffff,246,9,0.0,0.0
883e628939fffff,246,828,0.0,0.0
883e62893bfffff,246,1322,0.0,0.0
883e62893dfffff,246,444,0.0,0.0
883e628941fffff,89,21,0.0,0.0
883e628945fffff,97,982,0.0,0.0
883e628947fffff,89,22,0.0,0.0
883e628949fffff,89,21,0.0,0.0
883e62894bfffff,89,16,0.0,0.0
883e62894dfffff,89,21,0.0,0.0
883e628957fffff,89,287,0.0,0.0
883e62895bfffff,89,85,0.0,0.0
883e628961fffff,228,475,0.0,0.0
883e628963fffff,244,19,45.0,0.0
883e628969fffff,111,2248,0.0,0.0
883e62896bfffff,112,1856,0.0,0.0
883e62896dfffff,122,1297,1186.0,0.0
883e62898bfffff,118,1333,44.0,0.0
883e6289a5fffff,246,60,0.0,0.0
883e6289adfffff,246,54,0.0,0.0
883e6289c3fffff,0,1617,0.0,0.0
883e6289c7fffff,140,75,176.0,0.0
883e6289cdfffff,70,641,0.0,0.0
883e6289d1fffff,0,2701,0.0,0.0
883e6289d5fffff,0,2800,0.0,0.0
883e6289d7fffff,0,1631,0.0,0.0
883e6289d9fffff,0,2801,0.0,0.0
883e6289ddfffff,0,2801,0.0,0.0
883e6289e7fffff,246,36,0.0,0.0
883e6289e9fffff,228,801,0.0,0.0
883e6289ebfffff,246,153,0.0,0.0
883e6289edfffff,246,1321,0.0,0.0
883e628a03fffff,1667,20,0.0,0.0
883e628a0bfffff,1667,10,0.0,0.0
883e628a0dfffff,1547,14,0.0,0.0
883e628a15fffff,2176,26,1370.0,0.0
883e628a19fffff,2595,27,0.0,0.12655737704918035
883e628a25fffff,567,9,2406.0,0.0
883e628a33fffff,1563,31,0.0,0.0
883e628a45fffff,1113,14,0.0,0.0
883e628a47fffff,1668,19,0.0,0.0
883e628a53fffff,2617,20,0.0,0.12885245901639342
883e628a81fffff,4177,326,0.0,0.1983606557377049
883e628a89fffff,4177,304,0.0,0.1983606557377049
883e628a8bfffff,7587,1441,0.0,0.34295081967213115
883e628a8dfffff,4207,491,0.0,0.20229508196721313
883e628a91fffff,23212,3267,0.0,0.5226229508196721
883e628a93fffff,74517,11338,0.0,0.6609836065573771
883e628a97fffff,70509,9199,2003.0,0.17770491803278687
883e628a99fffff,19170,4335,0.0,0.49901639344262294
883e628a9bfffff,48701,8155,13484.0,0.0
883e628a9dfffff,6133,1174,2256.0,0.0
883e628aa3fffff,14427,1402,0.0,0.4590163934426229
883e628aa5fffff,7977,1895,0.0,0.35245901639344257
883e628aa9fffff,7977,2644,1019.0,0.0
883e628aadfffff,7977,2974,0.0,0.35245901639344257
883e628ab3fffff,11642,2262,0.0,0.41836065573770487
883e628ab5fffff,18043,2042,161.0,0.1318032786885246
883e628ab7fffff,34321,6543,0.0,0.5626229508196722
883e628abbfffff,9898,1048,0.0,0.39278688524590166
883e628ac7fffff,4178,361,0.0,0.19934426229508195
883e628ac9fffff,3830,133,0.0,0.18295081967213112
883e628ad7fffff,11838,3471,0.0,0.4229508196721311
883e628ad9fffff,6111,1368,0.0,0.3009836065573771
883e628ae1fffff,5953,1323,0.0,0.2973770491803279
883e628ae3fffff,7276,2548,0.0,0.32983606557377054
883e628ae5fffff,5010,992,0.0,0.24360655737704917
883e628ae7fffff,7942,3001,4175.0,0.0
883e628aebfffff,7492,2115,0.0,0.3390163934426229
883e628b01fffff,1824,2962,2072.0,0.0
883e628b03fffff,948,83,17976.0,0.0
883e628b05fffff,1824,1328,0.0,0.003934426229508181
883e628b07fffff,1008,1537,321.0,0.0
883e628b09fffff,1484,1794,153.0,0.0
883e628b0bfffff,1439,53,0.0,0.0
883e628b0dfffff,1824,3007,2144.0,0.0
883e628b11fffff,240,20,0.0,0.0
883e628b15fffff,252,24,0.0,0.0
883e628b19fffff,923,17,0.0,0.0
883e628b1bfffff,100,15,0.0,0.0
883e628b1dfffff,902,29,280.0,0.0
883e628b21fffff,969,1581,604.0,0.0
883e628b23fffff,89,21,0.0,0.0
883e628b25fffff,763,936,55.0,0.0
883e628b27fffff,89,21,0.0,0.0
883e628b29fffff,1824,604,0.0,0.003934426229508181
883e628b2bfffff,917,2482,795.0,0.0
883e628b2dfffff,1824,406,0.0,0.003934426229508181
883e628b31fffff,89,151,0.0,0.0
883e628b33fffff,89,206,0.0,0.0
883e628b35fffff,89,21,0.0,0.0
883e628b37fffff,89,14,0.0,0.0
883e628b39fffff,314,75,0.0,0.0
883e628b3dfffff,293,57,0.0,0.0
883e628b45fffff,1825,187,0.0,0.01442622950819672
883e628b47fffff,1520,1359,1782.0,0.0
883e628b4dfffff,1417,194,0.0,0.0
883e628b57fffff,1690,11,0.0,0.0
883e628b61fffff,1824,691,0.0,0.003934426229508181
883e628b63fffff,1824,1170,0.0,0.003934426229508181
883e628b65fffff,1824,87,0.0,0.003934426229508181
883e628b67fffff,1824,248,0.0,0.003934426229508181
883e628b69fffff,1825,3282,1428.0,0.0
883e628b6bfffff,1824,744,0.0,0.003934426229508181
883e628b6dfffff,1825,2118,0.0,0.01442622950819672
883e628c01fffff,45214,5848,16126.460707320064,0.0
883e628c03fffff,4261,3424,1817.0,0.0
883e628c05fffff,67202,7259,0.0,0.6518032786885246
883e628c07fffff,38984,7197,5221.841318627738,0.032786885245901676
883e628c09fffff,25309,2352,0.0,0.5304918032786885
883e628c0bfffff,24714,3592,6036.0,0.0
883e628c0dfffff,43064,4667,7441.0,0.015737704918032724
883e628c11fffff,4327,3351,0.0,0.2163934426229508
883e628c13fffff,4261,3423,0.0,0.2095081967213115
883e628c15fffff,4261,3423,1495.0,0.0
883e628c17fffff,4260,3423,0.0,0.20688524590163937
883e628c19fffff,5651,1908,0.0,0.2786885245901639
883e628c1bfffff,5536,2033,7690.0,0.0
883e628c1dfffff,4417,3254,11706.0,0.0
883e628c21fffff,63950,15049,0.0,0.6465573770491804
883e628c23fffff,18220,6689,11449.556613965202,0.0
883e628c25fffff,12775,12604,2500.6136422739837,0.0
883e628c27fffff,13363,13765,12014.443746310315,0.0
883e628c29fffff,119559,12573,19493.0,0.030163934426229555
883e628c2bfffff,76440,14046,0.0,0.6622950819672131
883e628c2dfffff,62356,12405,1444.5558432666257,0.1934426229508197
883e628c31fffff,4938,3798,186.0,0.0
883e628c33fffff,2862,2704,2799.0,0.0
883e628c35fffff,6455,4639,0.0,0.3140983606557377
883e628c37fffff,4700,2102,0.0,0.2281967213114754
883e628c39fffff,4261,3423,3024.0,0.0
883e628c3bfffff,4260,3423,1446.0,0.0
883e628c3dfffff,9966,4624,16589.584821182016,0.0
883e628c41fffff,4388,460,8037.537398789349,0.0
883e628c43fffff,8761,441,0.0,0.3711475409836066
883e628c45fffff,13589,1139,826.0,0.03475409836065568
883e628c47fffff,3754,483,116.0,0.0
883e628c49fffff,9454,1124,1013.0,0.0
883e628c4bfffff,6808,511,831.0,0.0
883e628c4dfffff,8578,1121,35861.0,0.0
883e628c51fffff,2677,1181,0.0,0.13442622950819672
883e628c53fffff,5662,1755,0.0,0.2793442622950819
883e628c55fffff,4835,896,695.0,0.0
883e628c57fffff,5367,1778,0.0,0.2622950819672131
883e628c59fffff,2576,957,0.0,0.1259016393442623
883e628c5bfffff,3872,1809,0.0,0.18491803278688523
883e628c5dfffff,3342,1069,0.0,0.16918032786885245
883e628c61fffff,72964,5792,650.0,0.25770491803278683
883e628c63fffff,71402,6634,1192.0,0.21967213114754103
883e628c65fffff,43428,8125,2586.0,0.09377049180327868
883e628c67fffff,77149,7098,0.0,0.6649180327868852
883e628c69fffff,19626,1525,385.0,0.12721311475409847
883e628c6bfffff,43248,4010,78.0,0.25016393442622953
883e628c6dfffff,14052,5247,4597.0,0.0
883e628c8dfffff,625,1153,0.0,0.0
883e628cc1fffff,4805,2829,1311.0,0.0
883e628cc3fffff,4367,2550,8.0,0.0
883e628cc5fffff,4260,3423,0.0,0.20688524590163937
883e628cc7fffff,4175,3379,240.0,0.0
883e628cc9fffff,5684,1772,0.0,0.28065573770491803
883e628ccbfffff,6895,1114,0.0,0.32426229508196724
883e628ccdfffff,5346,2239,0.0,0.26163934426229507
883e628cd1fffff,3026,2320,244.0,0.0
883e628cd3fffff,1797,1466,0.0,0.0
883e628cddfffff,3862,1430,0.0,0.18426229508196723
883e628ce1fffff,1289,1892,225.0,0.0
883e628ce3fffff,625,1105,0.0,0.0
883e628ce5fffff,758,957,78.0,0.0
883e628ce9fffff,4260,3423,0.0,0.20688524590163937
883e628cebfffff,2331,2429,1804.0,0.0
883e628cedfffff,4240,3413,0.0,0.2039344262295082
883e628d03fffff,10724,3124,0.0,0.4124590163934426
883e628d09fffff,5532,1359,0.0,0.27016393442622955
883e628d0bfffff,8416,3576,0.0,0.3613114754098361
883e628d0dfffff,6336,1497,0.0,0.3108196721311476
883e628d11fffff,4985,588,1670.0,0.0
883e628d13fffff,4997,734,0.0,0.240655737704918
883e628d1dfffff,6713,1873,0.0,0.319016393442623
883e628d21fffff,3244,2944,0.0,0.15672131147540985
883e628d29fffff,3245,3572,2726.0,0.0
883e628d2dfffff,3215,3721,0.0,0.1554098360655738
883e628d41fffff,25988,2356,0.0,0.5337704918032787
883e628d43fffff,14657,1469,0.0,0.461639344262295
883e628d47fffff,4927,558,0.0,0.23540983606557375
883e628d49fffff,59648,10463,2682.0,0.14032786885245907
883e628d4bfffff,45234,4665,0.0,0.600655737704918
883e628d4dfffff,27713,1986,0.0,0.5422950819672131
883e628d55fffff,8757,1215,631.0,0.0
883e628d57fffff,8340,1830,6254.0,0.0
883e628d5bfffff,54617,8080,7630.0,0.05311475409836064
883e628d5dfffff,21292,2502,0.0,0.5154098360655738
883e628d63fffff,5157,1458,0.0,0.2544262295081967
883e628d67fffff,3356,3005,4139.0,0.0
883e628d69fffff,5247,394,0.0,0.25836065573770495
883e628d83fffff,6427,571,474.0,0.0
883e628d85fffff,4031,576,0.0,0.1921311475409836
883e628d8bfffff,13572,1896,1231.0,0.00983606557377048
883e628d8dfffff,5064,1957,0.0,0.24721311475409835
883e628d95fffff,7656,892,1014.0,0.0
883e628d9dfffff,1010,846,0.0,0.0
883e628da1fffff,9808,3456,0.0,0.39147540983606555
883e628da3fffff,11702,5188,5306.0,0.0
883e628da7fffff,12233,5506,0.0,0.4291803278688524
883e628da9fffff,6464,563,0.0,0.3147540983606557
883e628dabfffff,4228,627,910.0,0.0
883e628dadfffff,6617,433,0.0,0.31803278688524594
883e628db1fffff,24206,3019,3051.0,0.015737704918032835
883e628db3fffff,26748,5238,0.0,0.5377049180327869
883e628db7fffff,23670,5266,2381.0,0.032786885245901565
883e628db9fffff,25649,2208,1633.0,0.06885245901639347
883e628dbbfffff,33028,2763,0.0,0.5586885245901639
883e628dc1fffff,84399,3360,1665.0,0.20426229508196725
883e628dc3fffff,51391,2257,1003.0,0.20065573770491807
883e628dc5fffff,5065,1461,0.0,0.24852459016393447
883e628dc7fffff,5065,1818,0.0,0.24852459016393447
883e628dc9fffff,9167,6883,0.0,0.38032786885245906
883e628dcbfffff,5189,2051,0.0,0.25639344262295083
883e628dd5fffff,19711,2124,0.0,0.5055737704918033
883e628dddfffff,8957,1080,572.0,0.0
883e628de1fffff,12585,619,0.0,0.4340983606557377
883e628de5fffff,3806,1485,0.0,0.1822950819672131
883e628debfffff,6196,1794,1122.0,0.0
883e628e01fffff,18640,12653,9541.0,0.0
883e628e03fffff,10710,2638,3743.0,0.0
883e628e05fffff,17240,23136,43806.147606490624,0.0
883e628e07fffff,10881,4353,683.0,0.00983606557377048
883e628e09fffff,35604,15100,10817.274189277383,0.0
883e628e0bfffff,10138,7627,5873.0,0.0
883e628e0dfffff,30251,26977,29882.707228121035,0.0
883e628e11fffff,17020,2277,0.0,0.480655737704918
883e628e13fffff,12345,1811,0.0,0.4321311475409836
883e628e15fffff,69546,1452,0.0,0.6544262295081967
883e628e17fffff,47130,1685,0.0,0.6078688524590163
883e628e19fffff,4519,3485,872.0,0.0
883e628e1bfffff,9108,1967,0.0,0.37901639344262295
883e628e1dfffff,6576,991,4125.0,0.0
883e628e21fffff,40399,17743,19007.0,0.0
883e628e23fffff,14456,3585,52342.80959450916,0.0
883e628e25fffff,35752,10286,11377.0,0.0
883e628e27fffff,16999,2942,1350.0,0.03409836065573768
883e628e29fffff,38977,20033,13180.262839271729,0.0
883e628e2bfffff,36790,8655,3772.0934787151036,0.04655737704918039
883e628e2dfffff,39156,30762,15420.0,0.0
883e628e35fffff,6593,345,1945.0,0.0
883e628e37fffff,2993,962,0.0,0.14622950819672131
883e628e39fffff,53062,3367,6934.0,0.057049180327868765
883e628e3dfffff,13419,1057,1219.0,0.00721311475409836
883e628e41fffff,48765,12246,6697.0,0.044590163934426275
883e628e43fffff,41977,13166,18523.0,0.0
883e628e45fffff,43767,24212,47792.0,0.0
883e628e47fffff,29512,15966,5427.0,0.0
883e628e49fffff,57490,12342,2593.0,0.13639344262295083
883e628e4bfffff,50588,6188,0.0,0.6137704918032787
883e628e4dfffff,48302,15516,23681.0,0.0
883e628e51fffff,22092,18254,35166.52816715707,0.0
883e628e53fffff,3972,7602,7640.0,0.0
883e628e55fffff,31202,14444,15014.476700466774,0.0
883e628e57fffff,4860,13698,285.0,0.0
883e628e59fffff,34142,10870,15709.0,0.0
883e628e5bfffff,2737,6365,31082.0,0.0
883e628e5dfffff,36702,10354,10705.0,0.0
883e628e61fffff,13087,47848,69762.0,0.0
883e628e63fffff,11934,49283,45741.0,0.0
883e628e67fffff,11829,42206,17571.0,0.0
883e628e69fffff,25729,9770,10403.0,0.0
883e628e6bfffff,17254,47776,139099.0,0.0
883e628e6dfffff,12239,9532,9394.0,0.0
883e628e81fffff,779,665,0.0,0.0
883e628e83fffff,1666,1384,1903.0,0.0
883e628e85fffff,6092,898,0.0,0.300327868852459
883e628e87fffff,24175,1741,4027.0,0.0
883e628e89fffff,777,905,0.0,0.0
883e628e8bfffff,1709,1484,0.0,0.0
883e628e8dfffff,1587,561,0.0,0.0
883e628e99fffff,2124,1503,487.0,0.0
883e628e9dfffff,1799,1545,124.0,0.0
883e628ea1fffff,5539,1768,808.0,0.0
883e628ea3fffff,9417,2449,762.0,0.0
883e628ea5fffff,5727,1779,0.0,0.2829508196721311
883e628ea7fffff,5694,1850,941.0,0.0
883e628ea9fffff,2670,2181,0.0,0.13311475409836065
883e628eabfffff,10343,2346,0.0,0.40393442622950815
883e628eadfffff,4579,1925,0.0,0.22295081967213115
883e628eb5fffff,13596,1407,3180.0,0.0
883e628eb9fffff,13082,1662,0.0,0.44065573770491806
883e628ebdfffff,36879,3211,1624.0,0.11016393442622952
883e628ec1fffff,6414,4583,0.0,0.3114754098360656
883e628ec3fffff,14188,9015,14092.0,0.0
883e628ec5fffff,348,648,0.0,0.0
883e628ec7fffff,348,648,0.0,0.0
883e628ec9fffff,581,4004,1151.0,0.0
883e628ecbfffff,10484,11506,15848.0,0.0
883e628ecdfffff,1968,1818,5527.0,0.0
883e628ed1fffff,6136,4055,0.0,0.3029508196721311
883e628ed3fffff,2044,1925,956.0,0.0
883e628ed5fffff,11079,6483,1719.0,0.0
883e628ed7fffff,1782,1528,3186.0,0.0
883e628ed9fffff,22596,14020,0.0,0.520655737704918
883e628edbfffff,13076,7473,1067.0,0.00983606557377048
883e628eddfffff,16097,10882,9485.0,0.0
883e628ee9fffff,15460,1712,0.0,0.4681967213114754
883e628eebfffff,1301,598,0.0,0.0
883e628eedfffff,5902,1196,0.0,0.2885245901639344
883e628f01fffff,16659,22093,41940.0,0.0
883e628f03fffff,31718,71620,46346.0,0.0
883e628f05fffff,24471,20956,2653.0,0.02688524590163932
883e628f07fffff,36557,29053,27089.0,0.0
883e628f09fffff,10019,16579,14412.0,0.0
883e628f0bfffff,1374,15865,16755.0,0.0
883e628f0dfffff,56859,12631,0.0,0.6340983606557377
883e628f11fffff,28728,6245,12515.0,0.0
883e628f13fffff,12303,1070,0.0,0.4308196721311476
883e628f15fffff,15183,6337,1421.0,0.017704918032786954
883e628f17fffff,16670,1353,801.0,0.06622950819672124
883e628f19fffff,26769,11859,6518.0,0.0
883e628f1bfffff,31009,4081,7512.0,0.0
883e628f1dfffff,18656,11886,18206.0,0.0
883e628f21fffff,62824,14016,0.0,0.6445901639344263
883e628f23fffff,62055,13626,2542.0,0.14721311475409837
883e628f25fffff,81621,9669,0.0,0.6675409836065573
883e628f27fffff,46802,8699,14466.0,0.0
883e628f29fffff,20078,21356,7473.0,0.0
883e628f2bfffff,55404,15267,3080.0,0.12
883e628f2dfffff,53861,16571,11333.0,0.02163934426229508
883e628f31fffff,20434,5561,1626.0,0.0485245901639344
883e628f35fffff,33623,9361,48023.0,0.0
883e628f37fffff,12304,4112,2914.0,0.0
883e628f3dfffff,39340,14851,6773.0,0.012459016393442601
883e628f41fffff,35131,16656,21842.0,0.0
883e628f43fffff,12211,27620,2499.0,0.0
883e628f45fffff,66987,11799,19890.0,0.006557377049180357
883e628f47fffff,45196,10609,6049.0,0.04065573770491804
883e628f49fffff,32326,25248,30640.0,0.0
883e628f4bfffff,9938,27799,0.0,0.3954098360655738
883e628f4dfffff,57707,11005,0.0,0.6360655737704918
883e628f53fffff,17062,30218,0.0,0.48163934426229504
883e628f55fffff,3702,21697,16097.0,0.0
883e628f57fffff,13177,13487,6154.0,0.0
883e628f59fffff,7303,16382,6259.0,0.0
883e628f5bfffff,5343,16933,24057.0,0.0
883e628f5dfffff,11857,31535,7424.0,0.0
883e628f61fffff,88873,12333,13640.0,0.05049180327868852
883e628f63fffff,67737,16462,0.0,0.6531147540983606
883e628f65fffff,14824,7638,0.0,0.46360655737704914
883e628f67fffff,77564,14459,2743.0,0.16262295081967215
883e628f69fffff,76908,11589,0.0,0.6642622950819672
883e628f6bfffff,67664,12206,0.0,0.6524590163934426
883e628f6dfffff,65653,9365,782.0,0.23868852459016388
883e6291b7fffff,5607,5290,0.0,0.2767213114754098
883e629435fffff,4265,51,0.0,0.21114754098360655
883e629481fffff,2192,1036,0.0,0.08524590163934426
883e629483fffff,2192,804,0.0,0.08524590163934426
883e629485fffff,2192,1036,0.0,0.08524590163934426
883e629487fffff,2192,989,0.0,0.08524590163934426
883e629489fffff,2192,865,0.0,0.08524590163934426
883e62948bfffff,2192,467,0.0,0.08524590163934426
883e62948dfffff,2192,1036,0.0,0.08524590163934426
883e629493fffff,2191,811,0.0,0.07967213114754096
883e629495fffff,2191,521,0.0,0.07967213114754096
883e629499fffff,2192,683,0.0,0.08524590163934426
883e62949bfffff,2191,930,0.0,0.07967213114754096
883e6294a3fffff,5507,4779,0.0,0.26885245901639343
883e6294a7fffff,6895,4921,8440.0,0.0
883e6294a9fffff,4086,820,0.0,0.1940983606557377
883e6294abfffff,2515,1189,0.0,0.11672131147540982
883e6294b5fffff,4198,3970,0.0,0.20131147540983607
883e6294bbfffff,751,221,0.0,0.0
883e6294bdfffff,2673,2517,0.0,0.1337704918032787
883e6294c1fffff,1390,3,0.0,0.0
883e6294c5fffff,1902,627,0.0,0.06360655737704918
883e6294c7fffff,2107,829,0.0,0.07344262295081966
883e6294cdfffff,1388,0,0.0,0.0
883e6294d1fffff,1722,431,0.0,0.0
883e6294d3fffff,2192,1036,0.0,0.08524590163934426
883e6294d7fffff,2026,547,0.0,0.06754098360655736
883e6294d9fffff,1961,552,0.0,0.0662295081967213
883e6294dbfffff,2192,1036,0.0,0.08524590163934426
883e6294e3fffff,2552,1029,0.0,0.12327868852459017
883e6294ebfffff,2192,1029,0.0,0.08524590163934426
883e629513fffff,5113,25,0.0,0.2531147540983607
883e629515fffff,3476,324,0.0,0.17573770491803276
883e629519fffff,2538,97,0.0,0.12098360655737705
883e62951bfffff,3704,83,0.0,0.180983606557377
883e629527fffff,4144,166,0.0,0.19672131147540983
883e629581fffff,3305,375,0.0,0.16524590163934427
883e629587fffff,3330,406,0.0,0.1678688524590164
883e62958bfffff,3952,237,0.0,0.18950819672131147
883e629593fffff,12817,1916,0.0,0.4360655737704918
883e629597fffff,26216,341,0.0,0.5357377049180327
883e62959bfffff,7318,1491,0.0,0.33311475409836067
883e6295a3fffff,4193,324,0.0,0.20065573770491807
883e6295adfffff,2187,169,0.0,0.0773770491803279
883e6295b1fffff,3293,394,0.0,0.1639344262295082
883e6295b5fffff,3287,506,0.0,0.16065573770491803
883e6295b9fffff,3329,452,0.0,0.16688524590163933
883e6295bbfffff,13735,1383,0.0,0.45180327868852455
883e6295bdfffff,3329,480,0.0,0.16688524590163933
883e6295c1fffff,3896,4,0.0,0.18622950819672135
883e6295cdfffff,5179,20,0.0,0.2557377049180328
883e6295d1fffff,4689,228,0.0,0.2268852459016394
883e6295e1fffff,2105,26,0.0,0.0724590163934426
883e6295e9fffff,4346,13,0.0,0.2183606557377049
883e6299a5fffff,1307,115,0.0,0.0
883e6299b1fffff,0,2749,0.0,0.0
883e6299b9fffff,0,2621,0.0,0.0
883e6299bdfffff,0,1594,0.0,0.0
883e62b013fffff,144,47,0.0,0.0
883e62b081fffff,144,77,0.0,0.0
883e62b083fffff,144,46,0.0,0.0
883e62b089fffff,144,78,0.0,0.0
883e62b08bfffff,144,78,0.0,0.0
883e62b08dfffff,144,75,0.0,0.0
883e62b09dfffff,144,78,0.0,0.0
883e62b0c1fffff,144,78,0.0,0.0
883e62b0c3fffff,144,78,0.0,0.0
883e62b0c5fffff,144,78,0.0,0.0
883e62b0c7fffff,144,78,0.0,0.0
883e62b0cbfffff,144,67,0.0,0.0
883e62b0cdfffff,144,49,0.0,0.0
883e62b0d1fffff,144,40,0.0,0.0
883e62b0d5fffff,144,78,0.0,0.0
883e62b0d7fffff,144,43,0.0,0.0
883e62b0ddfffff,144,78,0.0,0.0
883e62b0e9fffff,144,76,0.0,0.0
883e62b0ebfffff,144,72,0.0,0.0
883e62b101fffff,1840,50,0.0,0.0245901639344262
883e62b103fffff,1840,0,0.0,0.0245901639344262
883e62b105fffff,1840,119,0.0,0.0245901639344262
883e62b107fffff,1840,38,0.0,0.0245901639344262
883e62b121fffff,1935,55,0.0,0.06491803278688524
883e62b123fffff,1840,7,0.0,0.0245901639344262
883e62b125fffff,2226,618,0.0,0.09114754098360656
883e62b127fffff,1848,4,0.0,0.02885245901639344
883e62b12bfffff,1840,107,0.0,0.0245901639344262
883e62b12dfffff,2057,1042,1447.0,0.0
883e62b131fffff,972,9,0.0,0.0
883e62b133fffff,144,0,0.0,0.0
883e62b135fffff,1289,8,0.0,0.0
883e62b137fffff,98,1,0.0,0.0
883e62b139fffff,1840,8,0.0,0.0245901639344262
883e62b13bfffff,353,0,0.0,0.0
883e62b13dfffff,1840,29,0.0,0.0245901639344262
883e62b161fffff,1840,1203,0.0,0.0245901639344262
883e62b165fffff,1847,1212,0.0,0.028196721311475437
883e62b167fffff,1840,1212,0.0,0.0245901639344262
883e62b1e5fffff,144,0,0.0,0.0
883e62b201fffff,231,178,0.0,0.0
883e62b203fffff,231,103,0.0,0.0
883e62b205fffff,231,132,0.0,0.0
883e62b20bfffff,230,178,0.0,0.0
883e62b20dfffff,213,163,0.0,0.0
883e62b211fffff,1155,630,0.0,0.0
883e62b213fffff,1435,819,642.0,0.0
883e62b217fffff,994,506,0.0,0.0
883e62b219fffff,1303,737,272.0,0.0
883e62b21bfffff,1435,819,26.0,0.0
883e62b257fffff,163,112,0.0,0.0
883e62b261fffff,191,145,0.0,0.0
883e62b263fffff,231,178,0.0,0.0
883e62b265fffff,140,108,0.0,0.0
883e62b267fffff,231,156,0.0,0.0
883e62b281fffff,1434,169,0.0,0.0
883e62b283fffff,1434,165,0.0,0.0
883e62b285fffff,1434,778,0.0,0.0
883e62b287fffff,1434,212,0.0,0.0
883e62b289fffff,1434,165,0.0,0.0
883e62b28bfffff,1434,165,0.0,0.0
883e62b28dfffff,1434,697,0.0,0.0
883e62b291fffff,892,101,32.0,0.0
883e62b295fffff,1434,165,412.0,0.0
883e62b297fffff,1087,124,0.0,0.0
883e62b29dfffff,1434,165,0.0,0.0
883e62b2a1fffff,1434,818,0.0,0.0
883e62b2a3fffff,1235,694,0.0,0.0
883e62b2a5fffff,1400,794,0.0,0.0
883e62b2a7fffff,945,507,0.0,0.0
883e62b2a9fffff,1434,818,0.0,0.0
883e62b2abfffff,1434,816,0.0,0.0
883e62b2adfffff,1434,818,0.0,0.0
883e62b2b1fffff,1003,110,0.0,0.0
883e62b2b9fffff,1434,165,0.0,0.0
883e62b2bbfffff,1434,165,0.0,0.0
883e62b2bdfffff,1434,296,0.0,0.0
883e62b2c1fffff,1435,544,395.0,0.0
883e62b2c3fffff,1434,165,0.0,0.0
883e62b2c5fffff,1435,819,0.0,0.0
883e62b2c7fffff,1434,598,0.0,0.0
883e62b2c9fffff,1435,584,0.0,0.0
883e62b2cbfffff,1435,165,90.0,0.0
883e62b2cdfffff,1435,819,0.0,0.0
883e62b2d1fffff,1434,165,0.0,0.0
883e62b2d5fffff,1434,165,0.0,0.0
883e62b2d7fffff,1434,165,0.0,0.0
883e62b2d9fffff,864,98,521.0,0.0
883e62b2ddfffff,1434,165,154.0,0.0
883e62b2e1fffff,1434,819,0.0,0.0
883e62b2e3fffff,1434,819,0.0,0.0
883e62b2e7fffff,1434,819,0.0,0.0
883e62b2e9fffff,1435,819,0.0,0.0
883e62b2ebfffff,1434,819,0.0,0.0
883e62b601fffff,43,666,0.0,0.0
883e62b605fffff,34,538,0.0,0.0
883e62b60dfffff,0,533,0.0,0.0
883e62b621fffff,623,29,0.0,0.0
883e62b623fffff,74,53,0.0,0.0
883e62b629fffff,688,476,0.0,0.0
883e62b62bfffff,74,53,0.0,0.0
883e62b62dfffff,1359,379,2092.0,0.0
883e62b635fffff,74,25,0.0,0.0
883e62b63dfffff,74,26,0.0,0.0
883e62b661fffff,309,531,0.0,0.0
883e62b663fffff,0,677,0.0,0.0
883e62b665fffff,813,624,24.0,0.0
883e62b667fffff,700,727,0.0,0.0
883e62b66bfffff,0,347,0.0,0.0
883e62b71dfffff,27,10,0.0,0.0
883e62b74bfffff,729,404,0.0,0.0
883e62b751fffff,1161,806,272.0,0.0
883e62b753fffff,1153,447,0.0,0.0
883e62b755fffff,1006,589,0.0,0.0
883e62b757fffff,180,60,372.0,0.0
883e62b759fffff,1055,750,340.0,0.0
883e62b75bfffff,1359,836,0.0,0.0
883e62b75dfffff,1007,780,0.0,0.0
883e62b76dfffff,1268,146,0.0,0.0
883e62b811fffff,2,366,0.0,0.0
883e62b813fffff,3,365,0.0,0.0
883e62b815fffff,1,185,0.0,0.0
883e62b817fffff,2,294,0.0,0.0
883e62b81bfffff,2,346,0.0,0.0
883e62b81dfffff,2,230,0.0,0.0
883e62b845fffff,4569,1917,1933.0,0.0
883e62b849fffff,651,289,0.0,0.0
883e62b84dfffff,2542,1048,0.0,0.12262295081967212
883e62b851fffff,2,0,0.0,0.0
883e62b855fffff,2,0,510.0,0.0
883e62b857fffff,2,2,1019.0,0.0
883e62b859fffff,291,67,0.0,0.0
883e62b869fffff,5387,983,0.0,0.2642622950819672
883e62b86bfffff,3918,636,0.0,0.18885245901639347
883e62b86dfffff,5341,973,0.0,0.26032786885245907
883e62b8e9fffff,7,205,0.0,0.0
883e62ba01fffff,2241,442,0.0,0.09868852459016392
883e62ba03fffff,2097,1625,992.0,0.0
883e62ba05fffff,2241,2016,0.0,0.09868852459016392
883e62ba07fffff,1382,1707,1317.0,0.0
883e62ba09fffff,2241,180,0.0,0.09868852459016392
883e62ba0bfffff,2241,802,0.0,0.09868852459016392
883e62ba0dfffff,2241,139,0.0,0.09868852459016392
883e62ba11fffff,2237,1065,0.0,0.09311475409836067
883e62ba13fffff,1615,1433,3452.0,0.0
883e62ba15fffff,1457,1325,783.0,0.0
883e62ba17fffff,912,515,481.0,0.0
883e62ba19fffff,2241,880,0.0,0.09868852459016392
883e62ba1bfffff,2196,491,0.0,0.0904918032786885
883e62ba1dfffff,2241,796,0.0,0.09868852459016392
883e62ba21fffff,2703,2709,0.0,0.13639344262295083
883e62ba23fffff,1031,401,326.0,0.0
883e62ba25fffff,2795,3139,0.0,0.14131147540983607
883e62ba27fffff,2699,2799,0.0,0.13573770491803278
883e62ba29fffff,2241,2201,0.0,0.09868852459016392
883e62ba2dfffff,2446,2538,4879.0,0.0
883e62ba31fffff,905,375,0.0,0.0
883e62ba33fffff,904,155,0.0,0.0
883e62ba35fffff,905,376,195.0,0.0
883e62ba39fffff,905,384,0.0,0.0
883e62ba3bfffff,905,189,0.0,0.0
883e62ba3dfffff,905,376,0.0,0.0
883e62ba41fffff,1880,2050,2534.0,0.0
883e62ba43fffff,2241,953,3481.0,0.0
883e62ba45fffff,214,137,0.0,0.0
883e62ba47fffff,2136,137,0.0,0.07606557377049178
883e62ba49fffff,870,1130,155.0,0.0
883e62ba4bfffff,2242,2458,0.0,0.10524590163934427
883e62ba4dfffff,199,474,0.0,0.0
883e62ba53fffff,2241,848,0.0,0.09868852459016392
883e62ba55fffff,2241,766,0.0,0.09868852459016392
883e62ba57fffff,2241,790,646.0,0.0
883e62ba59fffff,2193,744,1122.0,0.0
883e62ba5bfffff,1915,1189,0.0,0.06426229508196724
883e62ba5dfffff,2241,648,2914.0,0.0
883e62ba61fffff,1945,697,0.0,0.0655737704918033
883e62ba63fffff,2241,442,0.0,0.09868852459016392
883e62ba65fffff,2242,612,0.0,0.10524590163934427
883e62ba67fffff,2241,918,0.0,0.09868852459016392
883e62ba69fffff,199,327,0.0,0.0
883e62ba6bfffff,1003,139,948.0,0.0
883e62ba6dfffff,878,424,0.0,0.0
883e62ba81fffff,11,67,0.0,0.0
883e62ba85fffff,10,107,0.0,0.0
883e62ba87fffff,10,4,0.0,0.0
883e62ba89fffff,11,144,0.0,0.0
883e62ba8bfffff,11,122,0.0,0.0
883e62ba8dfffff,11,1437,0.0,0.0
883e62ba95fffff,11,71,0.0,0.0
883e62ba99fffff,11,86,0.0,0.0
883e62ba9dfffff,11,132,0.0,0.0
883e62baa1fffff,9,3,0.0,0.0
883e62baa3fffff,10,0,0.0,0.0
883e62baa9fffff,8,36,0.0,0.0
883e62baabfffff,10,15,0.0,0.0
883e62bab9fffff,10,0,1606.0,0.0
883e62babdfffff,10,0,0.0,0.0
883e62bac1fffff,11,5,0.0,0.0
883e62bac3fffff,11,5,0.0,0.0
883e62bac5fffff,11,1321,466.0,0.0
883e62bac7fffff,11,396,0.0,0.0
883e62bac9fffff,1429,4,0.0,0.0
883e62bacbfffff,11,5,0.0,0.0
883e62bacdfffff,1203,382,0.0,0.0
883e62bad1fffff,37,93,0.0,0.0
883e62bad3fffff,11,125,0.0,0.0
883e62bad5fffff,11,62,0.0,0.0
883e62bad7fffff,11,132,0.0,0.0
883e62bad9fffff,144,0,0.0,0.0
883e62badbfffff,124,15,0.0,0.0
883e62baddfffff,56,7,0.0,0.0
883e62bae1fffff,904,159,0.0,0.0
883e62bae3fffff,317,806,0.0,0.0
883e62bae5fffff,713,138,0.0,0.0
883e62bae9fffff,821,467,0.0,0.0
883e62baebfffff,306,1183,0.0,0.0
883e62baedfffff,904,159,0.0,0.0
883e62bb01fffff,393,206,0.0,0.0
883e62bb03fffff,29,139,0.0,0.0
883e62bb05fffff,204,155,126.0,0.0
883e62bb07fffff,1477,24,0.0,0.0
883e62bb0bfffff,2460,984,16.0,0.0
883e62bb11fffff,3071,2987,223.0,0.0
883e62bb13fffff,4333,1197,628.0,0.0
883e62bb15fffff,2564,897,444.0,0.0
883e62bb17fffff,5388,1397,1351.0,0.0
883e62bb19fffff,2795,3139,2016.0,0.0
883e62bb1bfffff,2795,3138,2061.0,0.0
883e62bb1dfffff,2611,3069,0.0,0.1278688524590164
883e62bb21fffff,664,157,0.0,0.0
883e62bb23fffff,5018,1310,0.0,0.24459016393442623
883e62bb25fffff,45,0,0.0,0.0
883e62bb29fffff,0,0,0.0,0.0
883e62bb2bfffff,531,166,0.0,0.0
883e62bb2dfffff,0,0,0.0,0.0
883e62bb31fffff,7433,1989,926.0,0.0
883e62bb39fffff,5421,768,0.0,0.2655737704918033
883e62bb3bfffff,6284,1358,1303.0,0.0
883e62bb3dfffff,6859,1648,5985.0,0.0
883e62bb51fffff,2539,1625,4575.0,0.0
883e62bb53fffff,2781,2920,3916.0,0.0
883e62bb55fffff,2774,445,0.0,0.1383606557377049
883e62bb57fffff,2795,2439,1199.0,0.0
883e62bb59fffff,2242,486,0.0,0.10524590163934427
883e62bb5bfffff,2241,1646,0.0,0.09868852459016392
883e62bb5dfffff,3138,727,0.0,0.15278688524590162
883e62c29bfffff,0,307,0.0,0.0
883e62c601fffff,246,0,0.0,0.0
883e62c60bfffff,246,0,0.0,0.0
883e62c611fffff,246,9,0.0,0.0
883e62c613fffff,246,6,0.0,0.0
883e62c619fffff,246,9,0.0,0.0
883e62c61bfffff,246,12,0.0,0.0
883e62c61dfffff,246,4,0.0,0.0
883e62c62dfffff,92,590,0.0,0.0
883e62c641fffff,5100,2470,0.0,0.2518032786885246
883e62c645fffff,4188,2236,201.0,0.0
883e62c649fffff,4207,5424,0.0,0.20229508196721313
883e62c64bfffff,3027,3520,0.0,0.1495081967213115
883e62c64dfffff,5053,6441,0.0,0.24590163934426235
883e62c661fffff,0,853,0.0,0.0
883e62c663fffff,137,446,0.0,0.0
883e62c665fffff,192,902,0.0,0.0
883e62c667fffff,0,853,0.0,0.0
883e62c669fffff,3881,1736,88.0,0.0
883e62c66bfffff,20,819,48.0,0.0
883e62c66dfffff,14027,3257,1264.0,0.015737704918032835
883e62c689fffff,246,0,0.0,0.0
883e62c68bfffff,246,0,0.0,0.0
883e62c691fffff,246,143,0.0,0.0
883e62c693fffff,246,147,0.0,0.0
883e62c695fffff,246,34,0.0,0.0
883e62c697fffff,246,147,0.0,0.0
883e62c699fffff,246,103,0.0,0.0
883e62c69bfffff,246,143,0.0,0.0
883e62c69dfffff,246,0,0.0,0.0
883e62c6b3fffff,246,69,0.0,0.0
883e62c6bbfffff,246,86,0.0,0.0
883e62c6c1fffff,246,12,0.0,0.0
883e62c6c3fffff,246,10,0.0,0.0
883e62c6c9fffff,246,12,0.0,0.0
883e62c6cbfffff,246,12,0.0,0.0
883e62c6cdfffff,246,12,0.0,0.0
883e62c6d1fffff,246,5,0.0,0.0
883e62c6d3fffff,246,34,0.0,0.0
883e62c6d5fffff,246,0,0.0,0.0
883e62c6d7fffff,246,0,0.0,0.0
883e62c6dbfffff,246,33,0.0,0.0
883e62c6ddfffff,246,10,0.0,0.0
883e62c709fffff,0,4397,0.0,0.0
883e62c70bfffff,103,2840,0.0,0.0
883e62c741fffff,0,4553,0.0,0.0
883e62c743fffff,0,4602,0.0,0.0
883e62c747fffff,0,2276,0.0,0.0
883e62c749fffff,0,4594,0.0,0.0
883e62c74bfffff,0,4489,0.0,0.0
883e62c74dfffff,0,2565,0.0,0.0
883e62c751fffff,0,2281,0.0,0.0
883e62c755fffff,0,4521,0.0,0.0
883e62c757fffff,68,2761,0.0,0.0
883e62c75bfffff,0,809,0.0,0.0
883e62c75dfffff,0,3594,0.0,0.0
883e62d481fffff,111,168,226.0,0.0
883e62d483fffff,111,1543,901.0,0.0
883e62d485fffff,219,138,0.0,0.0
883e62d487fffff,122,137,0.0,0.0
883e62d489fffff,111,439,0.0,0.0
883e62d48bfffff,111,450,722.0,0.0
883e62d48dfffff,111,26,0.0,0.0
883e62d491fffff,111,2249,0.0,0.0
883e62d493fffff,109,2105,0.0,0.0
883e62d495fffff,111,2187,0.0,0.0
883e62d497fffff,111,2249,0.0,0.0
883e62d499fffff,107,1952,0.0,0.0
883e62d49bfffff,96,790,0.0,0.0
883e62d49dfffff,111,2207,1092.0,0.0
883e62d4a1fffff,1486,3503,4438.0,0.0
883e62d4a3fffff,2994,3273,7767.0,0.0
883e62d4a5fffff,1080,1181,104.0,0.0
883e62d4a7fffff,5083,3570,1557.0,0.0
883e62d4a9fffff,698,2733,0.0,0.0
883e62d4abfffff,926,2049,138.0,0.0
883e62d4adfffff,1493,1395,89.0,0.0
883e62d4b1fffff,111,128,0.0,0.0
883e62d4b3fffff,119,124,0.0,0.0
883e62d4b7fffff,1113,117,0.0,0.0
883e62d4b9fffff,111,135,0.0,0.0
883e62d4bbfffff,111,625,0.0,0.0
883e62d4bdfffff,925,89,174.0,0.0
883e62d4d1fffff,378,36,0.0,0.0
883e62d4d3fffff,1285,1410,1560.0,0.0
883e62d4d5fffff,111,259,0.0,0.0
883e62d4d7fffff,111,365,188.0,0.0
883e62d4d9fffff,1381,77,0.0,0.0
883e62d4dbfffff,1824,82,0.0,0.003934426229508181
883e62d4e3fffff,406,65,0.0,0.0
883e62d4e7fffff,718,241,0.0,0.0
883e62d581fffff,5382,1801,736.0,0.0
883e62d583fffff,8624,3967,0.0,0.36655737704918034
883e62d589fffff,3197,1304,0.0,0.15475409836065573
883e62d58bfffff,3334,2949,3841.0,0.0
883e62d591fffff,7279,1872,593.0,0.0
883e62d593fffff,8871,4920,0.0,0.3731147540983607
883e62d595fffff,9615,1627,497.0,0.0
883e62d597fffff,13021,2698,0.0,0.43934426229508194
883e62d599fffff,1635,1330,387.0,0.0
883e62d59dfffff,3026,3754,430.0,0.0
883e62d5a1fffff,0,2020,0.0,0.0
883e62d5a3fffff,0,3013,0.0,0.0
883e62d5a5fffff,0,1372,0.0,0.0
883e62d5a7fffff,0,2994,0.0,0.0
883e62d5abfffff,0,2020,0.0,0.0
883e62d5b3fffff,18776,5061,8683.0,0.0
883e62d5b5fffff,0,3464,0.0,0.0
883e62d5b7fffff,43,2091,0.0,0.0
883e62d5bbfffff,18511,4492,0.0,0.4918032786885246
883e62d5bdfffff,340,1658,0.0,0.0
883e62d5d3fffff,1378,232,0.0,0.0
883e62d5d5fffff,2907,1354,0.0,0.1442622950819672
883e62d5d7fffff,2623,1723,1275.0,0.0
883e62d5dbfffff,1733,235,0.0,0.0
883e62d681fffff,1825,183,0.0,0.01442622950819672
883e62d683fffff,1825,100,1109.0,0.0
883e62d687fffff,1586,83,0.0,0.0
883e62d689fffff,1825,201,0.0,0.01442622950819672
883e62d68bfffff,1825,201,0.0,0.01442622950819672
883e62d68dfffff,1736,192,0.0,0.0
883e62d691fffff,1825,1467,0.0,0.01442622950819672
883e62d693fffff,1825,1495,77.0,0.0
883e62d695fffff,1825,450,0.0,0.01442622950819672
883e62d697fffff,1825,1952,207.0,0.0
883e62d699fffff,1825,988,0.0,0.01442622950819672
883e62d69bfffff,1825,553,0.0,0.01442622950819672
883e62d69dfffff,1825,94,0.0,0.01442622950819672
883e62d6b1fffff,1402,224,0.0,0.0
883e62d6b3fffff,1825,495,0.0,0.01442622950819672
883e62d6b9fffff,1825,263,0.0,0.01442622950819672
883e62d6bbfffff,1825,1326,199.0,0.0
883e62d6d1fffff,1825,201,0.0,0.01442622950819672
883e62d6d3fffff,1825,201,0.0,0.01442622950819672
883e62d6d5fffff,1825,201,0.0,0.01442622950819672
883e62d6d7fffff,1825,201,0.0,0.01442622950819672
883e62d6dbfffff,1172,124,0.0,0.0
